0	大家好。今天这期节目，我来拆解一下周一早上的观察清单和下周的作战计划。九月快结束了，说实话我松了一口气，因为九月是全年最差的一个月。嗯，一年里总得有一个月最差、一个月最好。截至目前，六月是全年最好的月份，九月是最差的。好消息是，我通常在第四季度做得相当好。年底财报开始陆续出来，很多公司想把股价拉上去，让这一年收得漂亮，所以我们通常会有一个不错的第四季度：
40	十月、十一月、十二月。我真的很希望能看到一些好的动能。上周当然出现了一些复苏的迹象，但有意思的是，上周的大行情是 RETO。RETO 最后涨了 3,000%。它是一只中国股票，完全没有任何新闻。你看这张图，你真的只能——我都笑不出来了。这只股票从大约 30 美分一股涨到了 21 美元，现在又回到 19 美分。天哪，
80	这到底是怎么回事？它在完全没有新闻的情况下上涨、拉升，然后他们发布了二次增发的消息：趁股价处在那种疯狂的高位，他们卖了价值 1,500 万美元的股票来融资。你知道，GameStop 也干过同样的事：Roaring Kitty 第二次回归 GameStop、股价拉升 100% 时，GameStop 在公开市场上抛售了价值数十亿美元的股票来融资。这些公司随时都可以这么做。他们基本上是通过在股价高时卖出自家股票，把高股价转换成资产负债表上的现金。
119	他们这么做会增加流通股，但会让资产负债表上有钱。如果管理层相信他们能拿这笔钱让公司扭亏为盈，那么也许多年以后——即使现在这对股东不利，因为二次增发的消息让股价一路跌回了 19 美分一股——也许从长远看这是最好的。大概不会，但我想你永远说不准。所以 RETO 是上周的大行情，相当惊人。结果自然就有很多其他中国股票也走出了大行情，
155	没有新闻的中国股票。所以当我们看周一早上的观察清单时，要看周五的盘后涨幅榜。GLND 是周五盘后的领涨股，涨了 119%。格陵兰能源公司，化石燃料能源，标题是“特朗普宣布美国安全协议后格陵兰股票飙升”。
181	在我看来是这样的：这不是我通常能做得好的那类股票，原因有两个。第一，显然是流通股，高了一点。RETO 也高，但通常流通股超过 2,000 万股的股票没那么好做，它们往往也是易借券的，随着价格开始走高，会有多得多的卖空。事实上，那些疯涨的股票，涨 300%、400%、500%、1,000% 的，几乎总是流通股更低。所以一般来说，
220	流通股非常低的股票，可借的股份会比流通股高的股票更难借到，因为就连清算公司和你的券商也认识到，让你做空这些高风险小盘股风险更大。所以当流通股开始变高时，可供做空的股份就更多，这意味着随着价格上涨，卖家会更快进场。这实际上就形成了某种自我实现的预言，阻止股票在一天之内涨 200%、300%、400%。所以像 GLND 这样的股票，是的，第一，流通股高；第二，它是能源板块，而能源
260	板块对于想做日内交易、快进快出的小盘股交易者来说，很少是好板块。所以虽然 GLND 有可能在盘前时段延续——公平地说，从图形看也相当有可能——但我不会对它抱太高期望。看日线图，这都是交易的技术面部分。
285	看这里的日线图，我们有几个小窗口。就在这里有一个缺口，从 1.52 美元到 1.79 美元。上面再高一点还有另一个缺口，我看看，在哪儿？就在那里，3.53 美元，然后给你一直到 5.28 美元的空间。所以图上有几个缺口，挺有意思的。这只股票的历史高点我这里显示是 23 美元一股，但看成交量。
320	阴线、阴线、阴线。所以它一冲高就回落，这是能源股的典型表现。这就是 GLND，周一早上观察清单上第一只要留意的。GRML，这是观察清单上的第二只，格陵兰矿业。好，我们又有了一个小主题。这只从 2.80 美元涨到 4.60 美元。但同样，采矿、能源，对小盘股来说是差不多一样沉闷的板块。
353	往前那里最近做过一次反向拆股。离 200 均线还有很大空间，但我不会屏息期待那种行情，我就是不指望它会走出来、连续好几天延续。然后是 VEEE，这家公司做了合并，或者说宣布了合并，这让股价在后面这里一路狂飙，从大约 4 美元一路涨到 56 美元一股。之后它就跌回来了，而这种行情后半段的反弹通常都相当平淡。
388	它们通常效果不太好。所以我对 VEEE 不太感兴趣。这一只流通股 1,300 万股，但对我来说主要问题是有点太便宜，我通常不喜欢那些便宜的。CRML，流通股 5,800 万股，有点太高了，也和格陵兰有关。我看看，然后是 HWH，这只冲高了，流通股 570 万股，但成交量不大，所以这波行情背后没有多少流动性。再往下就是相对较小的跳空了。所以我认为真正
425	值得留意的大概只有 GLND。不过我想 GRML 也算，我想这两只周一早上都值得看。从延续行情的角度，我有时会查看最近涨幅最大的一些股票，看它们是否还有更多动能机会。比如 AEMD，在日线图上你可以看到它在这里冲高，然后回调了一些。第一根创新高的日线 K 线有时能给你一次不错的反弹，但当第一天是一根阴线时，就有点难以信任了。
459	MGN，这只，我看看。你可以看到有一些放量的日子，价格有点偏便宜。我得把 200 均线去掉，有时有些股票的图你几乎都看不清。说实话，我不确定这只上面真有什么可做的，我们只能看看，我不太指望。PDSB 流通股 6,600 万股，太高了。INDP 流通股太高。PSIG，上周的这只，你可以看到它在这里继续走高，现在在回调。第一根创新高的日线 K 线，
498	可能值得关注。不过通常我不太喜欢这个形态，因为成交量通常偏小。其中一些要么太便宜，要么流通股太高，所以都不理想。VNCE 在稍微冲高。所以我会说，在凌晨 4 点到早上 7 点这个时间窗口，大概值得留意那两只格陵兰股票，GRML 和 GLND。
525	即使我不太喜欢它们，它们也可能提供一些剥头皮的机会。然后当我临近早上 7 点坐下来时，我会盯着这里的涨幅榜扫描器，看看有没有哪只领涨股在符合选股五要素方面非常对我的路子。对于还不熟悉选股五要素的朋友，或者想在这周我交易时从我肩后观看的朋友，我会放一个两周试用的链接，
552	置顶在评论区，也放在说明栏里，你们可以去看看。然后你就可以用我每天在用的同一套软件来看图、扫描和看突发新闻，也能感受一下成为我们社区一员是什么感觉。所以一定去看看。我明天美国东部时间早上 7 点直播。但我也照例提醒大家，交易有风险，我的结果并不典型，无论你跟我学还是自学，都不保证你会成功。所以请管理好风险，在投入真金白银之前，一定先在模拟盘里练习。好，我们明天一大早见。
