0	大家好。今天这期节目，我来拆解一下今天早上市场上涨幅最大的股票，带大家看看我做的交易，并分享我对今天剩余时间的展望。此刻我是亏的，而且被打得很惨。九月毫无疑问是一年多来最差的一个月。一年前，十月的第一周，我亏了 17.5 万美元。哎呀。那个月剩下的时间我一直在努力让当月回到零。那个月最后我赚了两三万美元，所以最后是绿的。那是我自从这里以来
40	最差的一个月。所以我已经差不多一年没有面对过那种情绪上的战斗了：一笔巨亏，然后在偏冷的市场里缓慢而痛苦地恢复。我得说，今年我有过几笔大亏，但那些时候市场整体上足够强，我能很快把亏损赚回来。而这一点似乎在八月底、进入九月时变了。八月如你们所见，我确实有过几笔大亏，但我能很快反弹回来；而到了九月，事情就有点崩了。所以今天坐在这里，对我来说是一个触及最大
79	亏损的红日。我们切到屏幕共享，开始拆解。我亏了 3.1 万美元，我对此不开心。你看，这很让人泄气。这是作为交易者最难的部分：早早起床、坐下来，亏掉 3 万美元，然后感觉真的没有机会恢复了。当然，这是我的感受，其他人可能会用不同的方式交易。其他人可能会说：“你亏了 3 万，为什么就此打住？
107	你肯定能赚回一部分的。现在才 9:30，还会有其他股票在动。”理论上这是对的，但我注意到——这其实是一个相当有意思的规律——我的第一笔是 VWAV，第二笔是 MSGY，小赚、更小的赚；然后我做了 MTEK，亏了 9,000 美元；做了 LABT；然后是 PMAX。所以我的亏损总体上似乎在朝越来越大的方向发展。当你处在那种——随你怎么叫——区域、趋势或者主题里，
145	亏损越来越大、越来越大、越来越大时，你需要在某个时候说：够了，我要停下来。你不想越亏越深。显然我更希望发生的是：好，也许我有一笔大亏，然后下一笔更小、更小、更小，然后我开始慢慢恢复，大概是那样一种形状。那是我更愿意面对的情况。可惜，就今天目前的情况而言，我开局是几笔很小的盈利交易，然后翻成亏损，亏得更深，然后
185	深得多。所以现在我唯一能扭转局面的办法，其实看起来会适得其反：降低仓位。你可能会想，降低仓位不会帮你把这笔亏损赚回来。表面上看你是对的。但这其实正是我需要做的，因为就在刚才 PMAX 这最后一笔上发生的是：我开始卖的时候，前 1 万股卖在 2.24 美元，剩下的在 1.94 美元才出来。2 万股吃了 30 美分的滑点，
226	基本上是因为价格跌得太快，我没法平掉仓位。所以我不仅判断错了，而且仓位太大，导致滑点让我的亏损变得更大。当你在赚钱、一切都顺的时候，你可以靠强劲的动能弥补滑点，但滑点始终是一个因素。它指的是你按下买入或卖出键的价格和实际成交价格之间的差距。所以因为滑点，盈利会小一点，亏损会大一点，而这次是大了不少。所以这是
265	交易中一个不幸的方面：在某种程度上，因为滑点这个因素，在你和做市商之间，局面总是对你稍微不利。所以当市场冷的时候，滑点会让情况更糟。但用更小的仓位交易，滑点就更少。所以说到底，我真正需要接受的是：要恢复过来，我首先要做的是别再亏这么多。如果我今天用四分之一的仓位交易，我根本不会亏这么多。所以不是
303	5 万、6 万股，如果我今天所有交易都是 1 万到 1.5 万股，显然我只会亏四分之一，所以不是亏 3 万，而是亏大约 7,500。但我会说，我实际上大概只会亏 5,000 左右，因为很大一部分亏损是滑点造成的。而仓位更小，订单执行也更快，对吧？所以这就是：市场热的时候，我加大仓位，我接受滑点，因为市场很强，它很宽容，我仍然能做得非常好。但当它冷下来时，伙计，我从来都不能足够快地把脚从
342	油门上松开。我总觉得自己应该早点放慢。所以你看，周五是个红日，然后我今天早上回来，做的第一只股票是 VWAV。我们从 VWAV 开始今天早上——或者说开始这期复盘。嗯，它也是今天早上的开始。VWAV 这只股票最后完整地坐了一趟过山车，现在当天跌了 10%。它反弹上去，到 7 美元，然后一路跌回来。这只我确实破了冰，在它上面做了第一笔交易，但说实话，我有点不确定它能不能成。它最初就在这里冲到大约 5.60 美元的高点，
380	在一根放量阴线和一根长上影线上回调。然后它往上推，又出现一、二、三根长上影线，然后跌回来，然后就在这里又上来。我第一次入场就在这个价位，博它突破这个双顶，这风险相当大：在一根长上影线的顶部、就在这个区域买入，可能会被打回。它最后涨到 7 美元，我能出来，但没赚多少，只赚了 400 美元。所以第一笔交易不怎么样，效果不太好。它被打回来，然后就这样了，没有更多交易。
418	然后 MSGY 出现在扫描器上，我对自己说：是的，它周五走出了很大的行情，但回调了很多。另一方面，它今天早上在这里反弹。所以当它就在这里开始拉升时，我冲进去博它突破 8 美元。它突破 8 美元，一路涨到 8.40 美元，然后砸到 7.40 美元。我是说，我在那笔上很容易就会亏不少，我是在整数、半整数位进场的，但最后赚了 261 美元。
448	然后是 MTEK。MTEK 出现在扫描器上，这只就在这里开始拉升。我就在那根 K 线的顶部冲了进去，这是一个平顶突破形态，那就是平顶。我就在上面——哎呀，抱歉——我就在那里进场，这笔买了 6 万股。它是一只更便宜的股票，我之前说过的一件事是，这些便宜的股票除非用大仓位，否则真赚不到好钱。所以我在 1.90 美元进场，我在等一波快速拉升到 2.20、2.05 美元，每股 10 到 15 美分，也就是 6,000 到 9,000 美元左右。总之，我冲
488	进去，它立刻被打回，我在它上面亏了 1 万美元。我止损了，我必须止损，对吧？那是正确的做法。所以那笔我止损了。然后 LABT 冲了上来。你可以看到，不祥之兆其实已经很明显了，我大概应该更早停手。LABT 也完整地反转了，一路跌回来。这只最初就在这里冲高、回调。我在下面这里博第一根创新高的 K 线进场。它在这里反弹，我赚了 4,000 美元。然后它就在这里回调，我又进场博这根创新高的 1 分钟 K 线，结果亏了 6,000。所以我在这只上从赚变亏，它开始回吐。
527	所以那时我当天亏了 1.1 万美元。然后 PMAX 出现了。PMAX 我一开始没做，因为今天早上市场有点偏冷，所以我想：我不知道该不该信任它，先看看它能怎么走。不过我看了看，说：现实地说，我们在它上面的目标大约是 2.88 美元。它最后在这里冲高，这整段行情我都错过了。所以它在没有我的情况下涨了，因为我那时已经是这种心态了：唉，今天早上不太顺，我想我还是先按兵不动吧。然后它在这里回调，又反弹上来，
562	然后回调、下探，我最后在——在哪来着？我看看，那是 80……我在想我是在哪进的场。我看看，我们大概可以直接查我的订单。我在 2.50 美元进场，那是在 8:33。所以就是这里吗？对。所以我就在下面这里买入，博它冲回去，第一根创新高的 1 分钟 K 线，然后我们立刻被砸下来，我就在这根 K 线里卖出。简直糟透了，太糟了。所以，天哪，真是
604	一场灾难。那太糟糕了。所以今天我最后做了两笔、四笔、五笔非常非常糟糕的交易。我是说，前两笔也不算好，对吧？唯一一笔好的交易是 LABT。所以基本上今天我六笔交易里只有一笔是好的，这是不可接受的。保持那样的胜率，我不可能做得好，这是没办法绕过去的。尤其是平均亏损这么大时，那样的胜率我肯定做不好。所以必须有所改变。真正需要改变的是市场。我是说，我先不向内看，我先向外指。我要说的是，
641	外部因素是市场冷了不少。好，所以市场需要改变。如果市场是热的，今天会非常不一样。好，所以是的，市场应该热起来，我很希望它热起来，但你知道，它想热的时候自然会热。行情热起来就热起来，冷下来就冷下来。所以现在我得回过头来向内看：我现在能做什么？降低仓位。我不想，但这是正确的做法。降低仓位，因为如果我继续全速前进，我只会不停地撞到天花板，只会不停地吃这些大亏损。所以第一，降低仓位。另一个选择是缩小账户规模。
682	如果我缩小账户规模，那我就根本买不起这么多股。这是两种不同的方法。如果你的券商不允许你在账户上设置最大股数，那我就会直接缩小账户规模。因为问题在于，你可以说：“哦，我只用 1 万股交易。”这其实就是我今天说过的话，我本来要做 1.5 万股。然后 MTEK 冒出来，我想：“嗯，这只这么便宜，
709	我大概得用更大的仓位。”于是不知不觉，我就持有了它 5 万股之类的。然后一旦我用那笔更大的交易破了冰，而且在上面亏了，LABT 我就做了三四万股，不管具体多少，对吧？然后 PMAX 4 万股，现在我就是在用大仓位交易了。可以说，如果我没有那么多购买力，今天的结果会更好。
734	所以这就是我正在考虑的两件事：从账户里取钱来缩小账户规模；是的，降低仓位，但我已经知道自己很难坚持这一点，因为在那一刻，我会看到一些让我改变想法的东西。这又回到了纪律的问题。所以我能做些什么来增强我的纪律？抱歉，我边说边写不太在行。
762	如果我能增强纪律——因为现在我的纪律大概偏低，对吧？我今天突破了自己设的最大仓位，有点犯倔。所以要增强纪律：引导式冥想，比如针对 FOMO、沮丧、愤怒、失望的引导式冥想，这些非常有帮助，任何形式的冥想都好。还有运动，健身。另一个是离开办公室。
800	这很重要，因为它能让你和那个强烈触发你的东西分开，帮你冷静下来。但你转移注意力也只能到一定程度，在交易的那一刻你仍然需要纪律，明天我就需要。所以我现在的计划是……这不是我周一早上所希望的，你看，这是实话。我不希望今天亏 3 万美元，但我亏了。所以现在的问题是：坑已经挖了，我怎么把自己弄出来？而现实是，我刚才带你们
838	过的就是最好的方法。这不好玩。要接受接下来几天甚至更久我都不会有什么大收益，这不好玩，因为我会用更小的仓位之类的方式给自己限速。但这就是一点点消化亏损、把钱赚回来的方法，这是正确的做法。所以这就是我现在的状态。就像我说的，九月是很艰难的一个月，但这就是我们拿到的牌。所以没有更快地适应和调整到
879	这个显然更冷的市场，是我自己的失败。这就是我们的现状。随着时间推移，你会有几只高价股、几只低价股。有时盘前时段偏冷时，开盘时会看到更多机会。但可惜我通常发现，因为有停牌价位，在开盘时交易其实相当难。所以毫无疑问交易者会去看这些冲高的股票。但如果你打算在停牌期间持有，一定要管理好风险、考虑好仓位，因为一旦你在停牌里，你什么也做不了，你不知道它会在何时、以什么价格开盘，你
918	可能会被困住一段时间。所以尽量慢慢来，管理好风险。这是一个偏冷的市场，我们只需要熬过去，到达另一边。好，我也照例提醒大家，交易有风险，我的结果并不典型，无论你跟我学还是自学，都不保证你会成功。所以请管理好风险，慢慢来，我们明天一早见。我会在早上 7 点为 Warrior Trading 的会员直播。当然，如果你想看看两周试用，评论区顶部有置顶链接，你现在就可以加入聊天室，继续收听 John 为仍在直播中的会员提供的评论。所以过来看看吧，我们早上见。
