0	大家好。好吧，我就把复盘做完了事，因为我今天不太开心。这是一期红日复盘，我收盘时亏了大约冷市日目标的 2 倍。我是说，从大局看这不算什么。但背景是，这周一直很艰难，整周都很艰难。感觉这周每天我都是先转绿、然后转红、然后挣扎着回到绿。我想并不是每一天都这样，但感觉是这样。今天我第一笔交易就转绿了，第二笔交易时已经到了日目标的 2 倍。我做了第三
39	笔，在这第三笔上我吐回了 3 倍日目标，从绿转红，这就是我现在的位置。这是一个很难受的周末收尾，而我对此无能为力，事已至此。我可以继续交易，那是好主意吗？不是，因为我现在情绪被触发了。我的情绪受损了，因为我很沮丧、很恼火。所以这不是一个适合交易的状态。从统计上看，这样做的结果就是让亏损翻倍，然后越来越大。这周我做得最好的一件事，大概是把仓位控制住了。所以就绿日的整体幅度而言，我
77	从来没有赚超过 3 倍；就红日的整体幅度而言，我也从来没有亏超过 3 倍。所以我把一切都控制在冷市日目标的一个相当窄的范围内，这是好事。我是说，我觉得这是进步，但尽管如此，我是亏的，我为此感到泄气。KITT，这只坑了我。我不知道该说什么。我扑上去了，在它上面的第一笔是一笔不错的盈利，冷市日目标的 1 倍。就在这里这次微回调中冲进去，砰，下单。它最后涨了 1 美元多一股。所以我在 5.50 美元进场，它涨到 6.50 美元，我卖出，立刻盈利。我又
115	进场博它突破 7 美元、7.50 美元。它最高到了 8.39 美元，然后就在这里一路砸到 5.61 美元，而我的均价是 7.30 美元，每股亏了将近 2 美元。它反弹了一下，但我有 10,000 股，这只就从赚转成了亏。事已至此。我基本上每股亏了 1.80 美元，10,000 股。我想某个时候我可能持有更多，但无所谓了。再看这个，它就这样慢慢回吐。所以这是一个很难受的周末收尾。我从来不喜欢以这种夹着尾巴逃跑的方式
153	结束一周，但今天就是这样。所以 Wheeler 是我今天早上做的第一只股票。给你们一点背景，从大局说：昨天市场相当冷，没什么行情，挺让人泄气的。INLF，这只盘后开始异动，延续到盘前，在我看来它更像是一只慢慢往上磨的股票：它在走高，但显然有一条上升阻力线，不是特别清晰。事情就是这样，所以我说这只不做。MGLD，这是 2 美元一股的收购要约，所以在横盘。AIFF，这只
193	便宜一点，冲高、下探、又回到这里，对我来说没什么可做的。APUS 延续行情，但还记得它昨天有多难做吗？它不断出现这些长上影线，今天又是这样，所以我没兴趣。而当 Wheeler 冲上来时，我想：我不确定这只。这不就是日线图上从低点的一次反弹吗？切回日线看，周三有过一波大涨，但那也是跟着 JAGX 的跟风行情。但无论如何，Wheeler 冲高了，于是我在 Wheeler 上破了冰，做了第一笔交易，我进场——我看看，这是在哪？
233	我就在这里 6 美元进场，这是我的入场点。砰，就在那里。它冲到 7 美元，我进出一趟，这就是我的利润，搞定，就这样，进场、出场。Wheeler 回调，又稍微弯上来一点。我在下面这里大约 5.80 美元试了第二笔，博一次回踩后的弯弧，没成，基本持平出来了。这就是 Wheeler。
258	然后 JAGX 开始冲高，我说：我觉得 JAGX 不会太好做，因为你看 Wheeler，冲一下然后全吐回去了。所以我没做别的交易。然后早上 9:00 KITT 冲上来时，我想：好，砰，它在 9 点拉升。说实话，我觉得这有点像个陷阱，因为事实上早上 9:00 并没有新闻，但它正好在 9:00 开始冲高。所以它开始冲高，突然间当天涨了 70%，成了我们第二名的领涨股。我就在那里冲进去，博它突破 5.50 美元、拉到 6 美元。我们等到了那波大拉升。我冲进去，又加仓，加仓——那就是错误所在。
295	但你怎么知道呢？当你第一笔交易是一笔不错的盈利时，我通常会再加仓，那通常是正确的做法。今天它不是正确的做法，而我没能保持清醒、管住自己不去加仓。不过幸运的是，我加仓时没有加得更重，我能够……我是说，你看，再说一遍，从大局看——我觉得这总是很重要——退一步看大局。这是我这周的情况，或者说过去一个半星期之类的。你看，那些是很大的红日，
333	真的很大。事实上，我感觉到的沮丧程度和那些日子一样，也许甚至更甚。我不知道为什么。也许是因为过去七八天实在太磨人了。这周太磨人了，就像是在挣扎着只为做几笔像样的交易、不让当天转红。
358	你看，这么多天里，你能看到先绿后红、然后恢复。就像，唉，拜托，这里又是先绿后红、然后恢复。我想可能这一天也是一样。不，这一天只是一个还不错的日子。嗯，至少这周有一天还不错。算了，无所谓。我们看看周一，我往回翻太多了。所以是的，这周。
383	嗯，我们干脆看看过去七天吧。过去七天的胜率相当不错，但盈亏比很糟糕，对吧？平均亏损大得多。这大概就是正在发生的事：我偶尔会吃到这些大亏损。今天就发生了：几笔小赚，然后一笔亏损就全抹掉了。所以尽管我今天只做了四笔左右的交易，我还是亏的。尽管我今天胜率不错，四笔里三笔赚钱，但因为那一笔离群的亏损，我还是亏的。这就是这个市场的一大挑战：波动这么大，
422	真的很容易站错边，然后突然每股亏 1 美元或 2 美元。你知道，这就是我降低仓位的原因。上周快结束时，我想：你知道吗，下周我得收紧一点。说实话，下周我是不是应该收得更紧？根据这周的情况，我看不出有任何理由增加仓位，真的看不出，完全没有理由。所以我觉得我大概应该再收紧一些。
453	再降一点。我就是看不出现在有用更大仓位交易的理由，就是没有。当然有些时候我绝对要加大仓位。这周的一个问题是，我们有——是 PMAX 吗？我们有一只更便宜的股票——不对，不是 PMAX，是昨天停牌的那只，不过无所谓——这周我们有一只更便宜的股票，在那只上我用 5 万、6 万股的仓位交易，因为它太便宜了，我每股赚三四美分，也就是 1,500、2,000 美元，那天在它上面最后赚了 2.2 万。然后这抵消了
491	IMCC 上 2.2 万的亏损，两者相互抵消，那天最后只小赚。但是的，我们现在所处的市场不值得用大仓位交易。所以说实话，我大概应该从账户里取出一大笔钱。像九月这样的月份之后，我通常就会这么做。我会说：你知道吗，我要把余额降下来，因为放在那里的额外现金对我没有任何好处，帮不了我。我不需要那么多购买力，它反而让我在情绪受损的时候可能比应有的更激进——倒不是说今天发生了这种事，只是一般而言。所以，
530	把钱取出来，放到别的地方去。所以也许——虽然 Lightspeed 不会喜欢我转出一大笔钱——也许我就这么做，把余额降下来。有时当情况像这样真的很棘手时，我会做一个小账户挑战：把账户降到很低，然后说：看，我就按下重置键，回归基础。不过我上周刚完成了小账户挑战，2,000 到 10 万美元，所以我并不打算周一之类的就重置，
568	但我觉得我们现在就在战壕里。我很感恩今年到目前为止总体上表现得这么好，我们有很多值得感恩的。但显然过去几周，八月底、九月，有点磨人。我看看。你知道吗，我一直注意到这个。
594	这显示的是 23，所以它其实不是——我得刷新一下。我不知道他们做了什么，有时候它就是不刷新。所以是的，这就是今年。截至目前，综合来看，我会说这是相当扎实的一年：210 万、220 万美元，再减去今天的 8,000。所以真的不值得太过懊恼。但我想显然让我沮丧的不是金额，还有别的东西，对吧？是亏钱的感觉？是判断错误的感觉，
633	是失望，是原地空转、毫无进展的感觉？也许这些才是比总金额更大的情绪因素。我知道你们有些人用非常小的仓位交易，所以你们的起落在财务上并不重大，但在情绪上仍然可能非常强烈。所以总有机会往表面之下看一看，试着弄清楚到底是什么在驱动这种愤怒、沮丧或失望的感觉，
665	以及我能不能做点什么来帮自己更好地应对它。你看，每个人都会沮丧，不管你做什么工作。比如说你的工作是砌石墙之类的，你砌了一整周，但天气不太好。你知道，夏天能干活的窗口期有限，现在却碰上一周的坏天气。你已经尽力了，很痛苦。然后到了周五，你可能有点马虎，
704	不管怎样，你弄坏了一件设备，要花 5,000 美元。你弄坏了——我不知道——锯子的刀片之类的。然后你想：该死，我刚把一个糟糕的局面弄得更糟了。你回到家，想着：这真是难熬的一周，糟糕的一天。所以我们都会有这些感受。我通常会努力硬扛过去。我是说，我每天都到场。你就是继续工作，继续到场。
733	你会熬过去的，你会到达另一边。艰难的时候不会永远持续，火热的时候也不会永远持续，对吧？所以你不会永远亏，也不会永远赢。所以像今天这样的日子，从大局看，大概一个月后我都不会记得这一天的盈亏了。所以这只是作为交易者起起落落的一部分，你得能够放下。这些复盘对我个人来说很有帮助，相当于写交易日记。它本质上是一种写日记的方式，
772	我把自己做了什么讲一遍，然后上传，然后就把它抛在脑后，让它成为过去，不管当天是赚是亏。现在它已经过去了，我继续前进。所以我最不想做的，就是做完这期复盘后又调出 Level 2，重新去交易某只正在动的股票，因为那样我就会让自己回到开始录这期复盘时的那种情绪状态，那种沮丧的状态，对吧？然后我又会试图把亏的赚回来，你会把自己锚定在那个数字上，现在你关注的是你的
809	盈亏，而不是交易眼前的市场。我们眼前的市场是一个挑战，这周一直是个挑战，但八月和九月通常是我一年中最差的月份。所以今年这个时候表现得很艰难，其实并不令人震惊。如果我看一下概览、按年和月看，我看看，这是我们现在的位置。
837	当然不包括今天的盈亏。所以在九月之前四月是最差的，而九月只剩 3 天了。所以你看，谁知道呢？也许下周一、周二、周三会很好，我们会有一波漂亮的反弹。一周的开头通常比结尾好。所以九月最后可能和四月差不多打平。但和六月相比，那确实是从那些收益上跌下来一大截。但一直都是这样。你看看任何其他年份。我看看，我们去——哦，我本来想去另一个年份。我们去 2024 年。
879	我不知道，2024 年，我们看看。2024 年，是三月最差，然后到年底越来越好，很惊人。2023 年，也是三月，九月和八月慢一些。所以你永远说不准，总会有一个艰难的月份。那一年是四月。这一年是年初，一月和二月，还有十一月。三月和十月。
913	这一年是什么？二月、八月和九月，这比较典型。八月和九月、四月、九月、二月、五月。所以你看，事情就是这样。总之，希望你们这周过得比我好。但即使这周对你来说也有点难，也要抬起头来，写好你的交易日记，然后重置，我们周一一大早再战。我也照例提醒大家，交易有风险，我的结果并不典型。我们周一早上 7 点直播见。
946	请慢慢来，在投入真金白银之前，一定先在模拟盘里练习。
