1	大家好。今天这期节目，我来拆解一下今天上午的交易。今天有几只股票走出了还不错的行情，其中一只直接来自我周末上传的观察清单，另外几只是今早发布新闻、意外冒出来并拉升的股票。RDHL 就是其中之一，它现在涨 78%，比高点回落了一些。如你所见，这只股票最后拉升了 225% 以上。这一根阳线的成交量就超过 1,000 万股，所以它基本上一下子就飞奔起来了。
40	发生这种情况时的问题在于，有时上涨太快了，唯一的交易方法就是在中途冲进去。虽然有几个小机会，也有一个我在盯的位置，但我最后没做，它就在没有我的情况下涨上去了。情况是这样的：RDHL 今早因突发新闻冲高。这是一只生物科技股，标题是他们出售、剥离了自己持有的某项资产，预付款 1,800 万美元，股价立刻开始飙升。所以我想，好，
78	有催化。它涨到 1.10 美元，下探，然后猛拉到 1.40、1.50 美元。当它在这里涨到 1.50 美元时，卖一上挂着大约 8 万股的卖单，被吃掉了，但我心想：哎呀，有人急着卖。是空头还是持有很久的人，我不知道，但新闻出来、股价冲高后大约 30 秒内，他们就在卖了。然后它涨到 1.80 美元，回调，冲高，就在这里小幅回调到 1.90 美元，然后推过 2 美元，最高到 2.20 美元，然后被打回
117	下来。然后它开始显出疲态，又有更多大卖单冒出来。那时我心想，我觉得这只做不出来了。有人问 Ross：一只流通股只有 590 万股的股票，怎么这么快就变得交投这么厚重？是这样的：如果一只股票因突发新闻拉升、买盘多得不得了，价格会动得很快；如果一只股票出了坏消息、卖盘多得不得了，价格也会动得非常非常快。
149	但像 RDHL 这种情况，新闻出来，价格拉升，买盘很多，然后就有点涨不动了。为什么？因为卖家冒出来了，卖家在压着它。这些卖家可能来自几个不同的地方。第一，可能是公司内部人想抛售股票，想出货。第二，可能是公司自己在卖股融资，这要等之后看到申报文件、发现他们做了二次增发才知道。但在实时交易中，我们并不知道这在发生，只能推测这也许就是卖盘这么多的原因。
182	第三，当然，卖空和裸卖空也不能排除。所以合法的卖空和非法的裸卖空，都会制造更多卖压。于是现在你有一只涨了 150% 的股票，不管具体多少，但它涨不上去，因为卖家在压着它。买家还在继续托着它，因为他们看好这只股票，认为它还有上涨潜力，但到了某个时点，这些买家就放弃了。
208	他们夺路而逃，再加上不管来自哪里、本来就在增加的卖压，股价就下跌了。所以 RDHL 现在在下跌，没人会在这里买它了，它看起来太弱了。所以空头在这个区域算是赢了，因为现在这个形态——如果之前有任何看涨形态的话——已经被破坏了。任何买入、持有、希望它涨到三四美元的人都会放弃希望、卖出，股票就这样逐渐走弱。所以 RDHL 我一笔都没做。我盯着它，它在没有我的情况下涨上去了，我只是说：“好吧，
246	你知道吗？有时候就是这样。”再看另一只，Wetto 我也一笔没做。它现在正出现在我们的扫描上，涨到 11 美元一股。这只我一笔都没做，我也不太难受，因为你看这张图，这只股票已经跌了很长时间了。八月中旬我们在它上面有过几波不错的行情：这里从 8 美元一路拉到 52 美元，然后一路跌回 6 美元，基本上把涨幅全吐回去了。今天它就在这里反弹了一根 K 线，从 7.50 美元涨到 8.50 美元，然后又回到 7 美元。这在我看来
285	像个陷阱。它冲高一点，一些多头冲进去，然后空头把它砸下来，一路下泄。然后开盘时它又在这里猛拉回来。唉，我对做这种股票没什么兴趣。我觉得它处在 8 月 17 日那一大波行情的后半段，只是从低点小幅反弹。总的上涨空间有多大？在这种情况下，我觉得一般相当有限。
310	所以我没去做。是的，错过它我并不难受。我不觉得是我错过了，我觉得是我选择了不做那笔交易，因为风险和回报算不过来。所以这只没有交易。然后是 XAIR。XAIR 冲上来，这只获得了 FDA 突破性疗法认定。它拉升上去，然后一路跌回来，完整地坐了一趟过山车。尽管有突发新闻，它现在当天跌了 5%。
335	同样，公司发布利好、股价却下跌，能解释这种情况的只有几件事。第一，公司自己在新闻发布时、趁着放量的日子卖股融资，把钱放到资产负债表上，让自己资本更充足，以便继续研发。这是第一。第二，持有这只股票一段时间、或参与过之前私募或二次增发的机构持有股份，趁股价冲高的日子在公开市场上卖出。这是可能的。
372	第三，卖空。第四，内部人卖出。不过内部人卖出时确实得小心一点，有禁售期，内部人在新闻前后不能卖，因为他们当然掌握内幕信息，所以这方面有限制。对外国上市证券我更担心这一点，尤其是中国、马来西亚的股票，那里可能有人不守规矩；但对美国上市公司，我没那么担心。而 Beyond Air 是一家美国公司。所以，不管出于什么原因，这只股票最后出现了这样的反转。有意思的是，XBI，
411	也就是生物科技 ETF，今年其实是过去十年里表现最好的年份之一。我是说它今年表现非常好，这只 ETF 在过去 18 个月里涨了 200% 以上。所以生物科技现在很热，整个生物科技板块都很热，个别生物科技股显然在领涨。不是所有股票都会涨，小盘股里有些会失败，但今年我们看到了好几只非常漂亮的生物科技股，所以这是我肯定会关注的。但我也不会去对抗
449	动能。如果某只股票像 XAIR 这样走不出来，我就不碰它。所以这只，它发布突发新闻，冲上来。我手放在买入键上，盯着它，盯着 5.50 美元，但就在这里成交量有点太小。看到成交量是怎么累积起来的吗？但即使在那里，成交量也还不到 50 万股。所以我想，嗯，我不确定能不能信任它。它冲得多快，就可能跌得多快，对吧？来一个大卖家，就把它压下去了。
476	那可能就结束了。然后图形被破坏，而我进得太高。所以我等，我等，我在这里盯着它。它就在这里回到 6.50 美元，往上推了一点，我又错过了那笔。手就放在买入键上，但我在想：嗯，我真的想在当日高点买吗？成交量还是挺小的。不想。它回调了，我想：没关系，如果这真是一个强势形态、一只真正强势的股票，我还会等到另一个形态的。结果没有。而这里，这种清仓式的下砸，这一大波下泄——有意思的是，这只股票当时处于卖空限制中。所以我们在 1 分钟图上看到的那一大波下泄，并不是空头在砸买单。空头没法用市价单把这只股票砸下去、埋掉它，因为它
517	处于卖空限制中。所以所有那些卖盘，要么来自在这个区域买入、在这里逃跑的多头，要么是公司自己在卖，要么是持有了一段时间的机构投资者在卖，要么是内部人在卖。就是这几种情况之一，我们不确定是哪一种，只能推测。所以 XAIR 最终失败了。好，现在我连着碰到几次失败了。还有 NCA，这只早些时候冲上来，最后也失败了。它现在在反弹，但我不感兴趣。所以这些股票没有一只真正好的。COOT，观察清单上的一只，周五的澳大利亚股票，周五跳空高开，
555	最后有点回落。而 AEHL 这只我做了。它周五有过盘后那一波，是一只中国股票，我基本上持怀疑态度，但我是这样处理的：我看到它周五当然有过那一波，然后我注意到盘前它在这个区域筑底。它早上 4 点冲高、回落，回到 VWAP 被打回，再上去又被打回。然后我们回到这里，突破了。所以就在这里它往上拉时，我冲了进去。这是我的交易，这只我只做了一笔。
592	我把视频画面藏起来，这样你们只看得到这些订单。我在 6.62、6.69 和 6.82 美元买入，就在它往上拉、博突破 7 美元的时候。它突破 7 美元，最高到 7.09 美元，没守住，又回落，我以每股大约 11 美分的利润卖出了 9,000 股，975.63 美元。这笔交易不怎么激动人心。它最后回落了，又在这里涨回来。
619	我没做，因为到这个时候，我不确定能真正信任它。我注意到这里有一个通道，我大致画一下。但这里有一个带上影线的顶，这里一根长上影线。所以那里我没做，我并不真正信任它。我有点觉得自己也许把钱留在了桌上。但说到底，八月就是一趟过山车：两个全年最大的红日，几个大绿日。所以今天以一个小绿日结束这个月，小账户没有交易，我接受。八月结束了，九月明天开始。所以对于那些一直
658	在我肩后观看、在想怎样更积极地参与市场的朋友，我鼓励你们来看看我们的两周试用。我们现在也在做劳动节促销，但你至少可以先开始试用：两周 20 美元。这样你这周就能待在聊天室里，看看用这里的这套软件看图、扫描、看突发新闻是什么感觉，上我的一些课、听我的市场评论是什么感觉。如果你决定喜欢，到本周末你可以用劳动节促销的优惠码加入。如果不适合你，两周试用不会自动续费成任何东西，就是两周 20 美元，覆盖你的
697	行情数据和部分服务器成本，你能从中得到多少就是多少。所以希望你们去看看。我会把劳动节促销和两周试用的链接都放在说明栏里。我明天一早美国东部时间 7 点直播，到时见。但我也照例提醒大家，交易有风险，我的结果并不典型，无论你跟我学还是自学，都不保证你会成功。所以请管理好风险，慢慢来，在投入真金白银之前，一定先在模拟盘里练习。好，我们明天一大早见。
