1	大家好。今天这期节目，我来拆解一下周一早上的观察清单和下周的作战计划。八月快结束了，新的一个月就在眼前，这是一个回顾八月做了什么、哪里还有改进空间的好机会，因为总有改进的空间，即使是我这样的交易者也一样。所以这期我会花点时间讲讲我八月的起起落落。这个月我有两天是全年亏损最大的两天，不太好。但我也有几个大赚的日子，所以有点像坐过山车。我想说，
41	尤其是上周，我注意到行情真的冷下来了。我算是下了过山车，这是好事，没有那么大的波动了，但行情确实冷了一些。看这里的图表，上周 CRA 有过这一波，我记得是周三到周四，然后是周五。这只股票有意思的地方在于，就在这里有一大波上涨，太棒了，我们就爱看这种大幅拉升。然后就没了。之后就是区间震荡。我是说，是的，你可以在这里做一做，有一些
79	机会，但不多。然后就是横盘，然后走低一点，然后又横盘，再低一点。Archon 是上周的另一个好例子：有一次非常大的冲高，令人印象深刻，从 3 美元涨到 9 美元一股。而且这不是只有 1 万股成交量的那种，等它一路跌回来时，成交量有 1,500 万股。我是说，成交量很大，我们等到了这一大波，然后它又直接跌回来了。
110	这有点让人泄气。我发现上周我有点吃力：一方面，对刚出现在扫描器上的股票，我有点犹豫要不要冲进去，因为我不想被坐过山车；另一方面，等它真的动起来时，我又担心它已经涨得太远、守不住了。这些都是合理的担忧，也是我上周表现不如预期的原因之一——如果市场强一点，也许我会做得更好。比如这就是 Archon 的那一波。
140	你看，惊人的拉升，然后一路跌回来，假突破，一路回吐。所以我觉得我们真正需要的是强有力的催化，需要一些真正好的新闻标题。没有这些的话，当标题一般般、但交易者又特别急于冲进去时，你会看到一大波上涨，但最终涨幅远远超过标题能支撑的程度，价格最后会跌回来，原因既有卖空，也有公司在公开
178	市场上卖股，也就是通过直接增发。上周我们就看到了几起。九月是季末，九月底季度结束，所以九月我们可能会看到更多增发，因为公司想稍微充实一下资产负债表。但我们也可能看到一些公司试图在季末前把股价往上抬一点，让账面看起来更好看。这两个方向在很多小盘公司身上都不罕见。所以我预计九月会有一些波动，但在我
216	做任何太疯狂的事之前，先积累一点利润垫很重要。现在看看八月份，按星期几细看，我在周五做得非常吃力。你可能在想为什么我周五没发复盘，你可能担心我被彻底打爆了。其实，我周五只做了一笔交易，如你所见，赚了 84.91 美元，挺可怜的。我一度是亏的，它又涨回来，我赚着出来了，就这样。之后我再也没做别的交易。所以
253	周五没什么好讲的。但上周是这个月最慢的一周。这有点令人意外，因为第四周刚刚是一个非常大的绿周，但事情就是这样。所以一方面，我对周一早上挺期待的，因为整个八月周一都是一周里表现最好的一天。但另一方面，因为上周和周五行情都慢了一点，我不想太兴奋，因为我觉得并不确定我们
291	能等到一个很好的催化。不过我在周五做得有点吃力，这是说得通的：公司不太愿意在周五发布好消息，他们更倾向于在一周的前几天发布好消息。所以在周一、周二这种一周的前段，更可能出现新闻标题，因为这样市场有几天时间去反应，继续推高价格。
316	坏消息则更常在周末前发布，希望交易者把它忘掉。无论如何，周末市场休市，他们没法交易它；到了周一，尘埃也就落定了。再加上夏季的规律，更多交易者去度假，市场成交量少一点，甚至公司高管如果要过长周末，也不想在周五发新闻。这就让成交量更多地集中到一周的前段。所以理论上，周一早上是时候把油门踩到底了。只是周五收尾时行情很慢。
354	事实上，到周五收盘时，我们的领涨股只涨了 44%，简直可怜。而盘后涨幅榜扫描上，有 AEHL。如你所见，AEHL 就在这里走出了最大的一波。这又是一只中国股票，我们看到这样一次大幅冲高。这不是我们第一次见到它了，AEHL 已经好几次出现在扫描器上。这次它从 3.50 美元涨到 4.50 美元，再到 5 美元。
387	我倒回去一下。好，就是这样。AEHL 在周五冲上来。因为周五从盘前到常规交易时段都特别慢，所以下午 4 点的这一波肯定让交易者兴奋了：从 3.50 美元涨到 4.50 美元，回调，涨到 5 美元，回调，涨到 6 美元，然后进入这段横盘整理，但晚上 8 点收盘时正好收在盘后时段的高点。看这张图，我对它并没有 FOMO，并不是说有非常非常清晰、非常干净的形态而我错过了。
424	但显然它确实涨了 92%。成交量多少？大约 500 万股，所以挺小的。流通股 130 万股，你可以看到就在那里。所以成交量是偏小。但如果它延续到周一早上 4 点冲高，我一点都不会意外。问题在于它能在哪里维持住、守住，以及到早上 7 点大多数散户交易者上线时，它是否仍然是市场上的头号跳空股和领涨股。如果是，我们就会寻找继续走高的延续行情。
462	我们先把这张图再详细分析一下。看这只的日线图，往回拉一点，可以看到它有过几天有成交量的日子。它和很多中国小盘股一样，在这里做过好几次反向拆股。反向拆股之后常常会出现那种冲高。所以这只股票过去有过一些大幅冲高，也有过一些相当大的红日，图形很难看，因为价格一路走低、走低、再走低，很多这类公司都是这样：他们做反向拆股，做二次增发，然后
500	基本上就是持续利用那些愿意在公开市场上交易它的参与者来融资。但这家公司显然还没有兴旺到能让股价长期维持在哪怕 1 美元以上，否则他们就不用做这些拆股了。那你可能会说，好吧，那也行。那么推动它上涨的催化是什么？你会注意到，就在这里，其实根本没有新闻。
532	所以它涨了，我们不知道原因，没有新闻。你可能会猜测一定有什么原因：某个地方有人知道些什么，或者和这家公司有关的某个人决定——我不知道——搞了一场账外的荐股推广活动。这种事确实会发生，然后你就会收到 WhatsApp 消息和各种社交媒体提醒，说这只股票会是下一个大牛股。
560	这些都是猜测，因为我们并不真正知道价格为什么在涨。但鉴于没有基本面催化来支撑这波上涨，我们总得带着一些怀疑去看待它、对待它。接下来我们去看公司的申报文件，这类股票我经常会看。我会检查几样东西，好更清楚地了解到底发生了什么。它是外国上市证券，所以不需要提交季报。最新的申报是截至 2025 年 9 月 30 日这一期的，在一月份提交。就财务数据而言，这是这里最新的一份申报。
598	所以这会是那种已经过了很长时间、我们却没法清楚了解其近况的公司。你可以看到它有好几家子公司，如你所见，有很多家，所以公司架构有点复杂，这当然也不罕见。所以我通常看的是……好，就这样。
627	我们来看。通常我看的是截至九个月的数据和截至全年的数据。全年的是截至 2024 年 12 月底的，已经相当旧了。所以我们看截至 9 月 30 日的九个月：你可以看到他们的净销售额、销售成本、毛利或毛亏，然后是其他收入、税前亏损、持续经营业务的期间亏损。所以我们看到的是一家在亏钱的公司。好吧。
659	这并不意外，股价当然也反映了这一点。这类公司的难点在于，你得问自己：他们的资产负债表上有多少现金，能支撑这样亏损经营多久？这样还能撑几个月？还能撑几年？所以你得找到他们的资产负债表，那是另一张表。
686	你可以搜索，但我就直接往下拉。这份申报挺长的。资产和负债：厂房、设备、使用权资产、保证金、应收票据。这些总是很难说。我挺意外的，我只是在找……说实话我在……哦，现金在下面这里。我刚才说我在找现金，就是现金，他们在支票账户里实际有多少现金。
719	应收贷款，我们不知道这些贷款质量如何，不知道这些贷款会被还清还是最终可能违约，这是未知的。存货也类似，这家公司的存货不算大项，但在一些公司，存货是很大的一项，那他们在资产负债表上是怎么给存货定价的？是真实的市场价格，还是别的什么？总之，只有 190 万美元现金，他们的钱甚至不够再运营——肯定撑不了 6 个月。所以，
761	要么是有一部分资金到位了，要么我们可以看得更仔细些。哎呀，抱歉，回到这里。我们可以查一下有没有其他……哦，我没登录，我得登录。总之你可以查一下是否发生过其他事件，比如公司融资、卖股。我们看到有一份首次发行的招股说明书，就在这里。我猜他们很可能在过去六个月里做过某种形式的增发，这为他们继续经营提供了资金。所有这些勾勒出的，是一家股价突然上涨的公司，
800	这对他们来说当然很令人兴奋，但他们看起来正处于需要资金的状况。所以如果这是一个在市场上卖股的机会——很可能就是，因为成交量还不错——那我们可能就看不到它能维持住这个价格，因为他们会在市场上卖股来抵消买盘，那些通过增发入股的机构投资者可能也会这么做。这就是 AEHL。它能继续走高吗？它的交易价格会
837	完全脱离其基本面价值吗？当然，这种事可能发生。它会走出非常特别的行情吗？它的 200 EMA 在 160 美元，上方空间很大，但我不会屏息以待。接下来是 COOT，成交量 2,700 万股，全都是盘后的，但它是更便宜的股票，所以我不太感冒。YDDL、NCA。YDDL 流通股高一点，1,800 万股。NCA 我们以前做过，
876	它有点难以信任，因为日线图上往回看，它有过几天冲高后反转。所以我对周一的直觉是：大概会有交易者在早上 4 点冲进 AEHL，就为了搭这波动能的顺风车，但我不确定它能维持住。如果它能，我会有点意外；但如果没有别的可做，也许它能。所以 AEHL 肯定在观察清单上。COOT 适合喜欢便宜股票的交易者，如果它突破盘后高点 1.84 美元，可能会有一小段上涨。它涨了 55%，流通股 660 万股。然后
916	其他的我完全不感兴趣。所以观察清单上有两只股票，都是外国上市证券：COOT 是澳大利亚的，AEHL 是中国的。我的作战计划是：6:45 左右坐下来，看这里的涨幅榜扫描，把排名前三四的领涨股排个序，看哪一只最符合我的选股五要素。根据选股五要素，以及我认为哪只股票最显眼，我就能提前做好准备，有可能在早上 7 点整就在
954	小账户挑战里做一笔交易。我离终点线已经很近了，这很令人兴奋。我很希望这周能把挑战收尾：突破 10 万美元，慈善募款和捐款超过 50 万美元。顺便说一下，这里就是选股五要素。但我只想确保自己继续专注于高质量形态，也要认清过去一周市场偏冷，感觉现在不是冒险做什么疯狂事情的时候。所以我想这最后可能不会是那种“冲线摄影判胜负”的结局，我不会飞身扑向
993	终点线、做一笔疯狂的交易。更可能是慢跑着冲过终点，就这么越过 10 万美元那条线。好，这就是作战计划。如果你们想这周在我交易时从我肩后观看，我很希望你们来看看。Warrior Trading 这里有两周试用，链接在说明栏里，也置顶在评论区。试用期间，你可以用到我每天都在用的这套软件：看图、扫描、突发新闻，还有我们的聊天室，包括我的实时音视频直播。所以一定去看看，我们周一早上 7 点直播见。一如既往提醒大家，交易
1032	有风险，我的结果并不典型，无论你跟我学还是自学，都不保证你会成功。所以请管理好风险，慢慢来，在投入真金白银之前，一定先在模拟盘里练习。好，我们周一早上见。
