0	大家好。嗯，我本来没打算今天做第二期复盘，但我也没料到今天下午会看到一只股票涨了 2,117%。上周那期节目里，我给你们拆解了我认为可能终结这段冷期的三种情景。第一种是一只股票真的有非常好的新闻，好到你去做空简直是疯了。我当时希望会这样：一只股票，也许是一家生物科技公司，有非常惊人的突发新闻，股价涨 200%、300%、400%，一直走高，就这样我们有了动能。第二种情景是一只股票
40	新闻一般，但这只股票的特殊情况是，公司不需要在公开市场上卖股，所以不会有那种额外的卖压。有时公司发布新闻时，因为最近刚提交了 Shelf 注册，新闻标题就成了他们向市场卖股的机会，这会压制价格，在偏冷的市场里，结果股票比新闻出来之前还要低，这就不妙了。第三种情景是，我们会再碰到一只这种外国上市证券，新加坡、马来西亚或中国股票，完全没有新闻，空头被困住。
81	今天发生的正是这种情况。又一只没有新闻的中国股票，它实实在在地涨了 2,117%。代码是 RETO。如果我在扫描上往回看，就在这里，收盘铃刚响过，最后一波暴涨来了。我们看看，我在图上标一下：它最高到了 8 美元，那就是 2,117% 的回报。什么样的行情啊。在 8 美元见顶时成交量接近 2 亿股。我是说，到这个交易时段结束时，它今天成交了 2.32 亿股。
121	这又一次让我们很多人摸不着头脑。这是一只中国股票，完全没有任何新闻，没有基本面消息来支撑这波行情。那它为什么涨？嗯，我们只能猜测。我叹气，是因为我们见过——我交易了很久了——这种行情我们见过的次数多到数不清，而我们从来都不确切知道是什么让它们在这里启动的。有些像这样冲上去，然后一路跌回来。空头大概也是这么希望的：快速拉到 1 美元一股，在 1 美元被打回，走弱，
160	就结束了。但这只又反弹了。而且因为它前一个交易时段在这里收盘时低于 75 美分一股，所以停牌带宽是每 15 美分一档。也就是说，如果它在 5 分钟内涨 15 美分，就会停牌 5 分钟。所以这只股票停了很多次牌：上涨停牌、上涨停牌、上涨停牌、下跌停牌、上涨停牌、上涨停牌、下跌停牌、上涨停牌、上涨停牌、又上涨停牌、又一次，然后下跌停牌一次、两次、三次，然后上涨停牌
198	一次、两次，然后就在这里，它在大约 2.50 美元上涨停牌，复牌时一下子到了 4 美元一股，难以置信。再看这个：随着价格走高，成交量却在下降，出现背离。我认为做市商利用了空头。他们的做法是把复牌价推得非常高，逼这些空头回补。空头回补之后，他们又直接抽掉地毯，它从 4 美元一路跌回 2 美元以下。然后它反弹，下跌停牌，然后在收盘时从 3 美元一路涨到最高超过——
238	我看看——8 美元一股，对吧？就在那里，8 美元一股。然后它又一路跌回来。多么不可思议的行情。其实我今天早上讲过的一件事是，我这段时间不太喜欢在开盘后交易，因为我不喜欢被困在停牌里。这些停牌可能非常难以预测。事实上，今天早上 VEA 就在这里停过一次牌：它在 6.20 美元上涨停牌，而在上涨停牌期间，显示的复牌价是 5.50 美元。所以它是上涨停牌，却显示
276	会在下面这里复牌。结果它最后是在上面这里复牌的，下探了一下，冲高，然后回落。事实是，股票停牌期间，你不能卖出仓位，也不能买入。如果你持有空头仓位想回补，你就被困住了，只能任由做市商摆布。所以如果他们想在停牌期间把它砸下 3 美元一股，他们能做到，我们以前见过这种事。
300	如果他们想把它拉高 3 美元一股，他们也能做到。所以我们遇到过这样的股票：看起来非常好，你在上涨停牌中被困住，以为会高开，结果它低开，然后立刻下跌停牌，你就被打爆了，彻底打爆。我有史以来最大的一笔亏损，一笔交易亏了 24 万美元，当天亏了 27.5 万美元，就是因为一只股票：我被困在停牌里，它低开并下跌停牌，我连着经历了两次下跌停牌，简直是灾难。所以我并不反对在常规交易时段交易，但在
338	盘前没有停牌价位，所以让我觉得风险小一点。我就是不喜欢被困在交易里的感觉，我不喜欢那种感觉。所以如果你今天做了 RETO，嗯，你得习惯被困在停牌里，因为这只停了很多次牌。然后当然，盘后它终于走出了当天最大的一波，全天最大的一波，对吧？但成交量相比早些时候还是相对较小，这是一个有意思的背离。然后它回落，开始筑底。明天你还会有机会做它吗？我不这么认为。我会回头看看昨天的 FTFT。
375	FTFT——抱歉——也走出了一波抛物线行情，没这么大，然后跌回来，慢慢回吐。我认为 RETO 更可能也会这样。这是就在这里的高点，如果它回测那个价位，我会感到意外。我想大概会有一些交易者去博那个，但我认为它没有足够的成交量、也没有能力回测那些高点。这是我的直觉。我可能错了，但这是我的猜测。所以在 RETO 这一大波之后，接着是 WAFU，又一只中国股票，如你所见就在这里拉升。这只
414	从 1.40 美元涨到 3.20 美元，那里是一大波。然后是——我看看——AIXI，这只冲高、拉升，中国股票，没有新闻，然后一路跌回来。所以交易者把它硬拉上去，想找下一只，但不行，这只没守住。阴线上的成交量更大，大了不少。WNW，又一家中国公司，冲高、下探。所以你现在看到发生的，正是我们最初讨论冷期结束时会发生什么时我所讲的。冷期结束时发生的是：一只股票走出巨大的行情，不管
451	是因为很好的新闻，还是一只慢慢磨上去、最后终于脱离的股票，还是第三种情景：像今天这样一只没有新闻的中国股票。这很棘手，因为现在交易者会去找没有新闻的中国股票来博下一波行情。但我们其实并不了解幕后发生了什么，让 RETO 能走出这么大的行情。假设每只中国股票幕后都有同样的事情、同样的动态、能走出类似行情，那就有点荒谬了。但投机就是这样，交易者会冲进正在动的股票。
489	所以我在想，明天盘前时段，我们醒来很可能会看到一些没有新闻的中国股票领跑扫描。我认为我们应该专注于哪一只最显眼。今天 VEA 是盘前最显眼的股票，开盘后也延续了。虽然因为停牌价位的原因它没有我希望的那么干净，但它是盘前最显眼的，而且延续了。昨天我们有 FTFT，它盘前并不是最显眼的，但一旦开始积累动能，它全天都保持着头号股票的地位。所以我们要关注明天的头号股票是哪一只。
528	它很有可能是一只没有新闻的外国上市证券，这风险更高，但只要它足够显眼，我大概会愿意去做。我要小心别从一只股票跳到另一只，比如从 WNW 跳到 AIXI 再跳到 WAFU，那样就会开始收益递减。这是抢椅子游戏：交易者从一只跳到另一只再跳到另一只，但没有一只真正守得住，然后你就会在其中一些上面被打爆。所以要非常小心。这是一只冒出来的新加坡股票。NAMI，
566	这是一只冲高过几次的中国股票。所以这就是我对明天的预期：注意力会有点分散，盘前时段可能会很混乱，因为交易者会扑向任何正在动的东西。所以要小心，管理好风险。没有理由去博本垒打或做任何疯狂的事。把仓位降一点。当波动加剧时，正是放慢节奏的好时机，努力抓住部分机会，但尽一切可能避免大亏。所以今天我下午没做任何交易，我坚持了我那条相当可靠的规则：
606	如果盘前没赚到钱，我就不想在当天晚些时候破冰。从统计上看，我早盘赚得最多；在早盘赚了很多的日子里，我有利润垫可以冒一些风险，但今天我没有这个利润垫。所以我觉得自己做了一个好决定，没有赖着不走。结果我还是停在 8 个小时前、12 个小时前的原位：零交易，小账户没有，大账户也没有。这没问题。但明天我当然很希望有机会破冰，只是不想最后去追一波行情的后半段。所以如果我明天做 RETO，
646	那不就又是在做这一大波行情的后半段吗？它会不会重新涨上来、积累动能？可能会，但这不是最可能的情景，所以我并不真的指望。我预计投机的交易者会去找下一波这样的行情：与其试着把它从 5 美元做到 50 美元，不如去找下一只可以从 50 美分做到 5 美元的股票。现实中大家会看的就是这个。所以我会留意，但请尽一切可能管理好风险。谢谢大家收看这期特别的第二期复盘，我明天一早
683	美国东部时间 7 点直播。两周试用的链接置顶在评论区，也放在说明栏里。所以如果你想在我肩后观看、用我用的同一套软件，两周 20 美元。我觉得你会收获很多，也会很喜欢。希望你们去看看，我们明天早上 7 点见，离现在不到 12 个小时。好，到时见。
