0	大家好。今天这期节目，我来拆解一下今天上午的交易。今天有几只股票走出了大行情，包括 AEMD，它今天早上不到 15 分钟就拉升了 800% 以上。我们切到屏幕共享，开始拆解。这是代码。他们发布了一条关于业务合并、也就是合并的标题，股价立刻开始飙升，这并不算罕见。它从大约 1.40 美元冲到 3 美元的高点，小幅回调，然后弯上来穿过 3.24 美元，以一个类似杯柄的形态突破，
39	拉升到 4 美元一股附近。然后它突破 4 美元，一根影线一路冲到 14 美元，简直疯了。我不知道你们有没有人在下面这里博突破 3.50 美元或 4 美元时进场、在那次尖刺时手里还有仓位，但那太不可思议了：一分钟里一根 10 个点的 K 线。我们今年见过几次这样的 K 线，大概有十来根，就是一分钟里涨 5 个点或 10 个点。但它们通常又会跌回来。
77	不过跌下来之后，它们通常会反弹、弯上来，这只正是这样，回到了 10 美元一股。然后它回调，有点台阶式下行。我在想开盘时会不会还有一次弯上来的交易机会，但你可以看到它基本在横盘。所以它没有完全掉头往下，截至现在仍然涨 391%，但它没有继续给我们好机会。所以这只我在 Roth IRA 里做了几笔，锁定了 1.3 万美元的利润，另外在 TURB 上赚了 1.1 万，在
116	Wetto 上小赚一点，然后在 VEA 上亏了一笔，我们会逐一过一遍这些交易。所以 AEMD，是的，我们在它上面有一些不错的行情，但风险并不好管理。问题当然在于，它之前已经有过这波巨大的行情，我就是不确定有多少交易者愿意去买一只已经涨了 400% 的股票，对吧？涨幅已经太大了。所以我早上 7 点坐下来时，就在这里等到了这波反弹。它回落、下探，然后就在那里出现了一个小的反头肩形态，这给了我一个小机会。然后它回调，就在这里又出现了一个反头肩
155	形态，这又是一个机会。所以这些就是我比较想盯的位置：像这样的下探，然后在它开始稍微走高时的第一次回调，而不是在突破的顶部去买，那时它已经有点涨得太远、有点沉重了。所以 AEMD 基本上是开头特别惊人，然后随着时间推移变得相当震荡。很多股票都是这样。TURB 这只冲高了，在日线图上没什么太多可看的。
190	200 均线在 1.64 美元。所以今天早上它开始拉升时，先冲高、回调、再上来、回调，就在这里冲高。然后当它开始拉升时，我冲了进去，以为它会突破 200 均线，它也确实突破了。看这根 K 线，又是一根，这根一路冲到 4 美元一股。那根 K 线出现时我在里面，但我没能在那么高的位置卖出任何股份，因为它冲得太快，又直接跌回来了。而且和 AEMD 不同，它并没有真正反弹、弯上来，
222	它就基本横盘了。所以这只有点让人泄气，没等到那次继续上推，不过我做了它，也赚了点钱。然后是 Wetto，我一开始看它时想：有大阴线的历史，我不知道这只能不能成。另一方面，它确实走出了一波相当大的行情。如你所见，就在这里第一次回调，就在那里，往上推，然后就在下面这里，下一个弯弧，然后是一次巨大的被打回、跌下来。所以那不太好看。之后它就基本横盘了。所以就是这样。
260	然后是 DTSS，这是另一只有意思的冒出来的股票：回调，上涨停牌一次、两次，下跌停牌一次、两次，然后又上涨停牌一次、两次，现在又一次下跌停牌。这只停牌很多次，风险相当难管理。VEA 这只也停过几次牌：下跌、再冲回来。盘前没有停牌，但开盘时在那里下跌停牌一次，然后跌了不少。这只我注意到 200 均线在大约 10.74 美元，我觉得那会是个问题。所以这里有过这次冲高，然后过去几天
299	基本守住了，但我不确定它能成，事实上也确实没成。我破了冰，试着做了一笔，我做的那笔是就在这里的 8.50 美元。所以我在 8.50 美元冲进去，然后在它跌回来时很快在大约 8.25 美元止损出局，有点郁闷。所以 VEA 亏了，Wetto、TURB、AEMD 小赚，但整体注意力分散。我原本希望有一只显眼的股票，但今天真的没有。昨天有，前天也有，但今天还没有。
336	现在大约 10:30 了。前几天到这个时候，我们已经有某只股票走出了大行情，而今天看起来不会发生了。DAIC 盘后冲高，盘前和开盘时延续，但这只股票收到了交易所的退市通知，他们正在申诉。如果申诉失败，这只股票可能会被降到 OTC 场外市场，而我们不知道交易所的决定什么时候出来。所以我担心，如果我在任何时候交易它，它可能会被停牌，然后在 OTC 市场上恢复交易，那可不是好局面。所以这只
375	虽然很有意思，但我没做，感觉没法信任它。这就是 DAIC。还有什么？显然，过去几天的 RETO 做了增发，所以那里大跌。昨天这波巨大的反弹一路涨到 18 美元，然后回吐、跌回来。昨天我们还有 MEDS，这只给了我们一波大反弹，第二天延续，然后回落，现在正在跌回来。
405	今天至少到目前为止，我们就是没有一只股票走出那样的行情。那波行情我想是临近 11 点才开始的。所以也许还是会发生点什么，一次停牌，然后一次下探再猛拉。这个价格区间正合适，每股能赚到 5、6 美元，相当可观。今天早上的 AEMD，嗯，我不认为那只会恢复，看起来它就是在回落。DTSS 会疯狂停牌，有点难管理风险。DAIC 已经讲过了。KXIN 在这里冲高了一点，但我
445	不知道，我不确定这只真能成。我想你永远说不准。它是一只中国股票，就在那里有个双顶，也许它能打开局面，但感觉今天的情绪比前几天软一些。然后当然明天是周五，所以也许这就是我们能拿到的最好的了，不会再有更多。但我们活下来，改天再战。有时候就是求生存，保持头在水面之上。所以这周，事实上过去几周，都挺时好时坏的。九月不是一个好月份，我其实挺泄气的。
483	这是我所处的位置。我看看，这是我的 Roth IRA 进入今天之前的情况。你看，这里有好几个无交易日，好几个小额的日子，很多天我都在专注于小账户挑战之类的。然后这里有一个较大的红日。然后一个、两个，现在三个较大的绿日。今天从技术上说是我 Roth IRA 这个月最大的绿日，这是好事，但对我来说这并不算特别大的绿日。所以我有点失望情况是这样。而且
520	最大的那一天是一个红日，比今天这个绿日还要大。所以九月只剩一个半星期了，感觉进展得不太好。即使这周有一些大行情，部分因为我自己的注意力被小账户挑战之类的事情分散了，我的 Roth IRA 没有做到我希望的那么好。嗯，但你知道吗？没关系。小账户挑战昨天突破了 10 万美元。现实地说，九月还剩一个半星期，我可以尽量挽回。然后十月重新开始。
560	希望今年最后一个季度，十月、十一月、十二月还不错，我能以一个高调结束这一年。你知道，我们今年开局非常好，一月非常出色，我是说一月是很棒的一个月，然后行情冷了一点。所以其实，我看看，Roth IRA，我们按月和年看。这是 2026 年。
587	这是我今年到目前为止按月的盈利情况。一月很好，二月和三月冷下来了，四月不太好，然后是五月、六月，然后七月和八月，现在九月，哇，真的是今年到目前为止最差的一个月。但嘿，总有一个月会是一年中最差的，事情就是这样，也总有一个月是最好的。现在六月最好，九月最差。四月松了一口气，因为四月本以为自己会是一年中最差的月份，现在四月在想：我也没那么差嘛，那是春天，一年中的好时候。
621	好吧，恭喜你。九月现在取代你成了一年中最差的月份。另一方面，下周来几笔好交易——我四月赚了 9.2 万美元，所以几笔好交易之后，嗯，我可能……四月还没完全脱离危险，这么说吧。所以我们看看九月怎么收尾。但说到底，重要的是大局。人很容易钻进细节里，特别专注于 30 天的视角，觉得自己没赚到——甚至只看 7 天的
659	视角，觉得过去一周没赚到自己想要的那么多。好吧，退一步看。大局来看，这个夏天怎么样？大局来看，这一年怎么样？如果大局看起来也不好，那就说明了问题：嗯，你大概不该用真钱交易，你应该在模拟盘里，或者用非常小的仓位做真钱交易，直到你能建立更扎实一点的交易记录、重拾一些信心。我有过这样的时期：先有一段强势期，然后有一阵子基本持平、稍微下探，然后又迎来一段强势期。事实上我们刚刚在看——我看看，我做一下年初至今。我在
698	看这个的时候……我们这是在干嘛？我刷新一下。昨天我做小账户挑战那期节目时，我讲到了 2017 年。所以我们就看 2017 年，到十二月随便哪天，其实无所谓，17 号就行。哦，我得把那个标签去掉。我看看，好了。我们从详细数据看，切到盈亏期望值。这是 2017 年。
729	你看，那年我这里开局不错，然后就没什么了。我是说，这大概是一个四五个月的窗口期，我真的没赚多少，然后秋天行情真正打开了，然后这里有点慢，然后又往上推。我们看看到 12 月 31 日，看看那年怎么收尾。所以收尾非常强，但中间这段慢的时期得熬过去。那差不多是 10 年前了，但从季节上看，那时这种情况更常见：春天热、夏天慢、秋天又热。今年和那有点不同，但
769	市场的冷热周期和主题一直对此有相当大的影响。总之，现在快到 10:45 了，希望你们今天能再有一些机会。但我也会提醒自己，这周快结束了，如果你这周过得还不错，锁定一部分利润、降低仓位没什么不对，这样你就能稳稳地以盈利结束这一周。
795	一如既往提醒大家，交易有风险，我的结果并不典型，无论你跟我学还是自学，都不保证你会成功。所以请管理好风险，我们明天一大早 7 点见。
