1	大家好，欢迎来到小账户挑战第 42 天，用嘉信理财做券商，把 2,000 美元的账户做大。这是我在移动指挥中心里交易的第三天：一辆梅赛德斯 Sprinter 厢式房车，车顶装着 Starlink 卫星天线和太阳能板，电池组就在这张长凳底下。所以只要是我能开车到达、又能看到开阔天空的地方，我基本都能交易。今天是艰难的一天，和前两天正好相反。前两天我的小账户是绿的，但大账户是红的。很大程度上，
40	是因为我把小账户放在了优先位置。我在小账户里、在行情刚开始时做了几笔非常漂亮的交易，但因为是小账户，其实没赚多少钱。而大账户，我是在股票已经涨得很远、最容易最干净的形态都已经结束之后才进场交易的。所以大账户最后亏了，我对此有点懊恼。今天早上坐下来时，我这周整体是亏的。我是说，小账户的利润不足以弥补大账户的亏损。所以我说，你知道吗？
75	今天我要把大账户放在第一位，专注于它。结果当天第一笔交易，大账户就亏了。那只股票我没在小账户里做，它就是没走出来，所以小账户没做。接着冒出来的下一只是一只生物科技股，它开始拉升，我扑上去，这只股票借着这条突发新闻涨了 300% 以上，我大赚一笔，那是一笔很棒的交易。但小账户完全没吃到这段行情。等我把小账户调出来时，我在做的和
112	昨天一样，做的其实是行情的后半段。结果小账户亏了，连续两笔亏损，真的很烦。我当时都有点想笑：这和昨天发生的完全相反。不过这次至少更容易忍受一些，因为至少大账户赚了很多。你知道，当小账户赚、大账户亏的时候，还是挺让人泄气的，因为大账户的盈亏金额更大，我当天净算下来还是亏的。所以这正说明了同时操作这两个账户的难处。但
149	即便有这些挑战，八月还是相当不错的一个月，不过也快结束了。提醒一下，这些小账户挑战的全部利润都会捐给慈善机构。今天我们的慈善募款突破了 50 万美元，已经捐出 49.5 万美元。今天我们捐给了美属维尔京群岛的“许愿基金会”（Make-A-Wish），那里没找到专门的儿童医院，所以捐给了许愿基金会。这意味着我们现在已经捐遍了全美 50 家儿童医院，外加华盛顿特区、波多黎各、
188	关岛和美属维尔京群岛。太棒了，谢谢大家帮忙促成这件事。你们每给这个系列的节目点一个赞，我就多捐 1 美元，所以谢谢大家点赞。好，第 42 天。今天早上的涨幅榜扫描看起来不太好。如你所见，领涨的是便宜的股票，成交量很大，但流通股稍微偏高。我 6:30 看到这个，心想，伙计，我真有点泄气。虽然这周周一、周二、周三我的小账户都是绿的，
226	但因为大账户是红的，我给自己挖了个坑，我觉得我在回撤里，而且这些股票哪一只都救不回来。我甚至不知道今天还该不该费这个劲。但那不是你该有的心态。所以当然，我还是过来了，上了房车，把图表打开，开启 Starlink。第一只股票——好吧，我本来想先讲小账户挑战，那我还是先讲一下大账户。我在大账户里的第一笔交易，其实是一只日本股票 LGPS。
263	LGPS 这只股票在这里发布了收购消息。我其实不太确定它能走出来，但我喜欢的是，它冲上来之后突然站稳在 1 美元以上。这和我们过去几周见过的形态非常相似：动能逐渐上升、成交量放大，然后突然脱离，砰，出现一根巨大的 K 线。那只股票从 2 美元涨到大约 4、5 美元……另一只，我现在想不起代码了，从大约 2 美元涨到了 18 美元。所以我在这里冲了进去，
304	大约 1.42 美元，博它突破 1.50 美元，我当时说如果它突破 1.65、1.75 美元，我就加仓博它冲过 2 美元。结果没有，它跌下来，我的大账户亏了，亏了 2,500 美元。这是我当天的第一笔交易，小账户没做，这也没问题。然后是 PPCB，这时已经 8:30 了，所以我等了大约一个小时。PPCB 出现在扫描器上，一开始成交量小、相对成交量低，但随着价格走高，成交量迅速放大。它在这里有催化。于是我按选股五要素过一遍：这只股票
343	五条全中。它已经涨了 100% 以上，相对成交量 8 倍，有新闻，价格合适，流通股不到 2,000 万股。然后就是这一波急速拉升，从 1 美元一路涨到 3.50、3.60 美元。它回调、冲高、回调，然后突破 3.40 美元，涨到 4.40 美元，下探，再回来，最后基本横盘。情况是这样：我当天总共赚了 4.7 万美元，主账户在 PPCB 上的利润接近 5 万美元。
375	我在它脱离盘整时做了风险更高的入场，就在这里；在刚过 2 美元时加仓，拉到 2.50、3 美元，在这波拉升中止盈；然后就在这里重新进场，在这次突破中出场。我想那里我确实还做了一笔，没成功，吐回了一点利润，但没关系。总的来说，主账户做得非常好；但在小账户里，我最后做的更多是这里和这里的后半段行情。所以在小账户里，我其实在这只股票上亏了。看看我的总盈亏是多少，我给你们看，就在这里：−302.39 美元。
417	所以我亏了 300 美元左右。好吧，这不是世界末日，但有点泄气。然后扫描器又报警了：YMT，从 4.40 美元涨到 5 美元。有意思的是，它出现在扫描器上的那一刻，几乎正好是 PPCB 开始下跌的那一刻。有时发生这种情况，我们看到的就是注意力转移了。PPCB 就在那里下跌，YMT 冲了上来。YMT 冲上来，涨到 4.50 美元，做了一个微回调，我在那里用 2,000 股进场。它最后涨到 5 美元的高点。我进、我出，
455	又进、又出了一次，锁定了 739.38 美元。如果今天完全反过来，我的前几笔都在小账户里，我在小账户里把 PPCB 做得很漂亮，假设赚了 1 万美元；然后在那只日本股票上小亏一笔，无所谓，我当天还是赚了 9,000 左右。然后我会想：“好，我需要在大账户里赚点钱。”于是我在大账户里做 PPCB 的后半段，大概会在它上面亏五六千美元。
492	你知道，做不出来。然后我冲进 YMT，但用更大的仓位去做。那只股票冲上来一下，然后又被砸下去。用 2,000 股进出很容易，但如果用 2 万股，我大概又会亏一笔。今天的大账户大概又会是一个亏 1 万到 1.5 万美元的红日。所以这确实说明了挑挑拣拣选交易有多难：“哦，我要做这里这笔、那里那笔。”其实，我这次
530	露营时在玩大富翁，输得很惨，挺郁闷的。我的策略是等着、攒钱去买最高档的地产，但我一直没走到那些格子上。所以我一直什么都没买，最后所有地产都被其他玩家买走了，我只能给所有人交租。我意识到，天哪，我翻不了身了，也没人愿意跟我交换任何东西，最后我输光了所有钱，破产了，对吧？所以挑挑拣拣真的很难。你以为你会等啊等啊
569	等啊，结果你太有耐心了，错过了整段行情。所以在这些股票上先破冰很重要：开始积累一点利润垫，或者破个冰，如果亏了，就赶紧出来、快速止损。而这一切用小仓位做起来要容易得多，这就是为什么小账户状态还不错，尽管我只做了行情的后半段。而主账户如果只做行情后半段、又用大仓位，我就真的做得一点都不好。所以这是个挺有意思的观察。无论如何，第 42 天结束，只差四千来美元，
611	我就能突破 10 万美元，我只需要突破并守在它上面。所以这就是第 43 天的目标。一如既往，感谢大家收看。如果你想试用两周，链接置顶在评论区和说明栏里。但我也照例提醒大家，交易有风险，我的结果并不典型，无论你自学还是跟我学，都不保证你会成功。所以请管理好风险，慢慢来，在投入真金白银之前，一定先在模拟盘里练习。
639	好，我们明天一大早第 43 天再见。
