0	大家好。今天新英格兰这边下雨，正好适合坐下来录一下周一早上的观察清单和下周的作战计划。这其实是九月的第一个完整交易周。九月第一周是从周二开始的，所以是四天的一周；前面还有八月的最后一天，那有点怪。所以九月开局有点慢，头四天是因为临近节假日长周末，也就是劳动节周末。上周也是四天的一周，成交量小，好机会不多，所以挺棘手的。现在从 9 月 14 日开始，是我们九月的第一个完整
38	交易周。好，我需要追赶一点。周五我是红日，大账户和小账户都触及最大亏损。上周我真的没什么成绩可展示，挺让人泄气的；九月第一周也没什么成绩。算是在市场的一段低迷期里蹲战壕，等行情重新打开时我会很兴奋。有时感觉就像有人把开关关掉了：我们看不到好的催化，因为没有好的催化，也就看不到大行情。所以我们每天早上坐下来，领涨股涨 30%、
76	40%，成交量小，真的没什么东西，都是便宜的股票，波动也不好。然后突然出现一只有好催化的股票，涨了 300%、400%，你看它们的交易方式，价格走势非常干净：先反弹上去，然后第一次回调，再往上一段，又一次回调，再上一段，干净的价格走势。作为动能交易者，我们渴望这种走势。而且不只是偏多的交易者，空头也一样。行情这么慢的时候没有波动，而没有波动，嗯，就很难赚钱。所以我们现在肯定是在战壕里。不过，
115	和往常一样，我每天都到场。虽然周五在 TN 上出现红日让我很失望，但到场很重要。作为交易者，我一直以来的难题是：行情开始放缓时，我不太擅长把脚从油门上松开。我总是说，我本可以、本来会、本应该更早降低仓位、从账户里取钱之类的。我想我这次真的会把账户余额降下来，因为我觉得我现在不需要那么多购买力。
148	把那么多钱留在账户里是有机会成本的，本来我可以把它拿去投资，让它朝长期方向运作，开始赚利息，然后享受复利之类的好处。所以只有当我觉得真的能用上那些购买力时，我才会在小账户或常规交易账户里留出额外资金。因为只要有一天我需要那些购买力、能靠日内交易赚 10 万或 20 万美元，就足以抵消同样一笔钱不在市场里、每年赚 10% 左右的机会成本。但另一
187	方面，如果你几周都用不上额外的购买力，那把它放到能赚点被动收益的地方就很合理了。所以我想这周大概会这么做。TN 是我周五交易的股票，我在 Roth 账户里亏了 4.4 万，在小账户里亏了 3,000，就是在这根被打回的 K 线上，就在这里。它后来又上来，就在这里又被打回一次。所以我们有第一次被打回、第二次被打回、第三次被打回。然后开盘时回落。
220	然后它猛拉进入上涨停牌，下探一下又猛拉进入第二次停牌。然后开盘，接着下跌停牌、一路砸下来，然后反弹回到这里，回吐，然后砰，下午出来了二次增发的消息。我们不应该感到意外，我们知道它会来。我都不知道周五为什么还要去做这只，不知道为什么我以为它除了二次增发还会有别的走势。我对自己很恼火。我想这笔交易某种程度上是因为无聊，某种程度上是因为对自己感到失望——上周没做成任何好交易，
258	时间快用完了。当我看到窗口在关闭时，我终于就想：你知道吗，管他的，我要在 TN 上做一笔。然后我就想：唉，真希望我没那么做。总之，这就是周五。周五还有几只别的股票在动。回到我们的当日高点动能扫描器，显然有 TN，然后开盘铃响时，FTFT 走出了一点行情。
287	FTFT 我看了一下，说：我真的不认为它会走得很好。它是一个延续形态。这类延续形态的问题在于，它们的相对成交量通常更低，虽然能往上推一点，但通常不怎么惊艳。结果就是这样：上面这里有个双顶，它反弹回来，
312	连那个双顶都够不着，那就是当日高点，就这样了。所以我不认为没做那只错过了多少。然后是 FEIM，这只出现在扫描器上，涨了一点。你可以看到这只价格显然太高了，所以当然没做。然后是 PCLA，这只成交量稍小，就在这里反弹上去，然后回落，当天转跌，太糟了。我看看，还有 SXTC，这只涨了一点，反弹然后回落，
350	然后又上来，双顶，突破不了那个价位。我们看到过很多突破不了的双顶。SWRD，那种上涨停牌、高开的股票，其实没多少做多的机会，因为它涨得太快，然后又跌回来，就没了。它的流通股也更高，8,900 万股。然后是的，PCLA 当天晚些时候又回到了扫描上，SXTC 也回来了。我看看，我在看这一列的涨幅百分比，大多数涨幅都比较小，所以没那么有意思。BDRX，便宜的股票，但
390	这只在上午晚些时候、到下午、午后早些时候确实拉升了一波，但最后也回落了一些，而且对我来说本来就偏便宜。TN 我已经讲过了。FGL，这是那种冲高后全吐回去的股票，已经好几次这样了。它是一只马来西亚上市的证券，不是我信任的那种，所以不感兴趣。我想如果它有一个非常明确的新闻催化还好，但即便那样也很难信任它。所以一天中大部分时间，我们只有几只零星的股票在动，
426	没有一只特别有意思。然后进入收盘铃。盘后有几只不同的股票出现了一点动能冲高。SCNI，我通常以查看盘后涨幅榜扫描器来开始整理周一早上的观察清单。这里就是我们的盘后涨幅榜。SCNI 是第一只开始冲高的，如你所见流通股非常低，一只以色列生物科技股。这类股票最近表现都不太好。总之它冲高了大约 25%、30%，然后走软一点，收涨 22%。
463	TJGC，这只冲高、回落，那种走势根本无法信任。它是一只没有新闻的香港股票，就那样一次大冲高然后被打回。我对交易它不感兴趣，我就不碰这些。我在等的是一只冲高后真的能守住、走出下一段上涨，然后再守住、走出第三段上涨之类的股票。这就是我在等的。而 TJGC 显然没有。我注意到，我们有过一些冲得很快的股票，但那还不够，它需要能守得住。CRBP 也是一只生物科技股，
505	就在这里。流通股 1,380 万股，冲高、下跌，然后又直接上来，收在 10.44 美元的高点。你知道，很难对它感到兴奋，涨幅 26%，不算太大。这就是进入周一的问题所在：虽然有几只股票在盘后时段动了，但没有一只动得足够多，让人觉得“哦，这是周一早上一个超级显眼的形态”。所以我们有 CRBP、SCNI、VSME。这只便宜一点，我
546	不知道，不太感兴趣，对我来说区间就是不够。也许用零佣金券商，在这种股票上能做得更好。但是的，可惜我们的盘后扫描上没有什么能给我们周一早上的潜在思路。然后是延续扫描器上的 SWVL。如我们所知，这只股票过去几个交易时段有过一大波行情。但注意日线图上有一个背离：价格上涨、成交量下降。出现这种背离时我通常不喜欢交易，因为流动性在枯竭。虽然价格
583	在走高，但通常很难进出，而且当后面那天就持有的人突然开始抛售时，你会被困在很糟糕的位置。没做，不感兴趣。AEHL，这只流通股 130 万股，日线图上后面这里有过几个放量的日子。如果我把 200 均线藏起来，再点自动缩放，图就能缩放得更好一点。你看，它在后面五六月有过一段大行情，之后一直处在后半段，尽管有过一些放量的日子，却一直没能真正走出新一波反弹。
622	所以对那只不感兴趣。VIOT 从低点稍微反弹，流通股偏高，不感兴趣。TN 已经讲过了。DBGI，这只在某种程度上和 TN 类似：日线上一路下跌然后反弹，但可惜很难信任它，因为它不断冲高又反转。我们在图上看到的就是这样：是的，它会冲一下，但然后全吐回去，对吧？冲一下，吐回去。那它周一凭什么能成？再说一遍，如果它
662	有一个非常好的催化还好，但我觉得那不太可能。所以现在我们面临的最大问题是，我们处在两个主题之间。市场上没有一个热门主题能让我们看着说：“哇，下一只发布某某标题的股票，我全力押上。”有些市场就是这样，通常在那种市场里我能做得相当好，因为我确切知道要找、要扫描什么样的标题，我有工具去做。然后我只需要等那家公司发布那条标题，砰，我冲进去，做几笔很棒的交易。一周做几次，我就做得非常好。那就是我可能日均 2 万美元、一周 10 万美元，
702	有时甚至更高的时候。但现在我们没有那种明确的催化。所以我们能依赖、但出现频率更零散的催化，第一种是一只有非常好催化的生物科技股：真正积极的临床试验，而且不只是一两个人，而是有足够样本的真正临床试验，结果是积极的，这对一只生物科技股来说可能是很大的催化。生物科技股的私募也可能是相当大的催化，因为这意味着公司不太可能在公开市场上卖股，
742	因为他们已经通过机构投资者私下完成了融资。这也意味着那家机构投资者对公司做了足够的尽调，才会给他们开一张大支票，这是很大的信任票。所以大额私募、重大的生物科技催化，这两种可能非常好。然后，总是存在没有新闻的行情的可能，它们会让交易者大吃一惊，因为大家会觉得：天哪，这说不通。于是空头不断加空，但它一直往上涨。这通常在筹码高度集中、流通股被控制的外国上市证券上更常见：即使在公开流通股里，很多流通在外的股份也被内部人持有。
781	你可能会想，为什么会这样？嗯，这样想一下：如果一家公司，比如说发行了 1,000 万股——这和 SpaceX 非常像，SpaceX 发行了数十亿股，但公开市场上的只占全部流通在外股份的大约 6%——所以假设一家公司发行了 1,000 万股，其中 95% 由公司内部人持有，CEO、CFO、COO 等，剩下 5% 的股份、也就是 50 万股，属于公开流通股。
821	那么因为这些内部人已经在公司里持有如此巨大的仓位，如果他们想控制市场价格，他们可以决定锁住流通股，开始真正回购市场上的股份。当然，这样做必须提交披露文件，但在这些外国上市证券上，这些规则似乎并不总是被遵守。所以不管是内部人自己，还是他们指使的关联人去买入流通股，通过买入流通股，他们就把流通股锁住了。
858	于是可供做空的股份就非常少了。所以本质上，一只股票虽然流通股显示是 X，实际交易起来却像流通股低得多。实际上，如果他们发布一条好的新闻催化，就可以开始买入这只股票，试着把它推高。如果它突然进入所有其他交易者的雷达，出现某天成交 1.5 亿股或 4.34 亿股的情况，那他们要做的只是划一根火柴点燃这把火。一旦火烧起来，这只股票就有了
897	自己的生命。这也给了他们流动性，如果他们选择卖出的话就可以卖。当然他们也可能不卖。有些公司会让股价越涨越高、越涨越高，就像我们在 HKD 上看到的，那是一只外国上市证券，一路涨到了大约 2,500 美元一股，太疯狂了，完全疯了。但它的流通股非常小，基本被锁住了。所以任何试图做空它的人都很快就被碾压了。
925	如果你想借更多股份，嗯，只能算你倒霉，根本没有可借的股份。当流通股非常有限、而且被那些和公司“知根知底”的人持有时，他们可以选择不让自己的股份被出借给其他投资者和交易者，那么这些股份就永远借不到。我们任何人都可以这么做，我们可以主动选择不让自己的股份被出借。但大多数交易者、散户交易者不知道怎么做。所以我们持有的任何仓位，券商都会把那些股份借给别人，这很糟糕，因为这本质上让其他交易者可以用我们的仓位来押注对赌我们自己的
964	仓位，这对我们不利。除非出现大规模轧空的情况，但因为轧空并不是经常发生，所以最好主动退出让你的股份被出借的融券计划。所以取决于你在哪家券商、用哪家券商，如果你持有长期仓位，可以考虑选择退出，这样你的股份就不能被借走。
989	这在 GameStop 轧空期间是个大话题，因为大家都说：如果你持有 GameStop 的股份，马上给你的券商打电话，告诉他们你不授权他们出借你的股份。因为如果你的股份当前正被出借，而你说“我不再允许了”，那你的股份就必须归还给你。这会逼出什么？要么逼券商找到其他股份让空头置换，这样空头就不用回补；要么如果他们找不到额外的股份，因为大家都退出了出借，空头就必须回补，也就是买入，价格就会被推高。所以，
1028	再说一遍，不是要搞得太复杂，但你可能会遇到这样的情景——我们在冷市里肯定见过——突然有一只流通股非常低的外国上市证券开始拉升，完全说不通。空头犯倔，但它就是一直往上涨。通常幕后有某种东西可以帮助解释这一点，我们可以猜测在那个具体案例里到底是什么，但我们大概不会确切知道。
1054	所以我们有这种情景，或者有私募催化，或者有很好的生物科技新闻催化。科技领域也可能有其他催化，但比如说周一早上，我不会对仅仅是能源板块的股票感兴趣。虽然原油价格在走高，美国石油基金在这里稍微回落了一点。我通常不喜欢交易能源股。所以能源催化，不管是化石燃料还是可再生能源，我都没兴趣去交易那些公司。对房地产投资信托、REIT 没兴趣，它们通常交易得不太好。通常对
1091	银行也没兴趣，它们交易得不好。对公用事业公司没兴趣，那些本质上是受监管的垄断企业，股价表现并不太好。所以我更倾向于交易的股票类型是生物科技、制药，以及各类科技股，这些年里包括 AI、加密货币、区块链之类。这些就是我不感兴趣或更感兴趣的板块。所以当我第一次看到某只股票出现在扫描器上、点开它时，我能很快判断：它位于哪里？好，中国。
1125	有没有新闻？是一只没有新闻的股票。好，所以是一只没有新闻的中国股票。流通股多少？显示低得离谱。那它会不会是那种疯狂上涨的股票？我不知道，但那会是我的一个可能的想法。再看这一只，美国公司。好，最近的标题是什么？召开电话会议讨论临床试验的顶线数据，以及一款潜在的肥胖症药物。好，所以这就是推动它上涨的标题。然后你就大致了解了它是哪一类股票。我做的很多事情就是去了解：地点、板块、有没有新闻，然后这只
1164	股票的特点是什么，流通股多少，我需不需要去看 SEC 申报文件来更好地了解它当前的财务状况，这样我就能看到：哦，这是一家背负大量债务的公司；或者这是一家资产负债表上有大量现金、状况其实不错、不需要融资的公司。这些就是我在决定是否交易某只股票的过程中会做的判断、会检查的东西。
1190	所以明天早上我 7 点开始直播，我的目光会放在这里的这个扫描上，看看什么在领涨。如果我们继续看到涨幅 30%、40% 的股票，然后也许有一只离群的便宜股票，那是的，行情大概会继续很慢。但事情就是这样，市场是周期性的，有热周期也有冷周期。所以如果你每天都在市场里交易，在这个冷周期里正是学习的好时机：去研究行情更热时的直播存档。
1220	这样下次行情热起来时，你就能更好地抓住那些机会。这是你利用时间的最佳方式。我也照例提醒大家，两周试用的链接置顶在评论区。交易有风险，我的结果并不典型，无论你跟我学还是自学，都不保证你会成功。所以请管理好风险，在投入真金白银之前，一定先在模拟盘里练习交易。好，我们明天一大早 7 点直播见。
