1	大家好。今天是小账户挑战第 43 天，用嘉信理财做券商，把 2,000 美元的账户做大。这是一期红日复盘：最大亏损。我现在在移动指挥中心里交易，一辆四驱 Sprinter，车顶装着 Starlink 和两块太阳能板，电池组就在这张长凳底下，两台 24 英寸显示器就挂在床底下。所以只要是我能开车到达的地方，我基本都能交易。我现在在加拿大北部，不接电网。这趟旅行一直挺愉快的。过去这周我在小
38	账户里做的交易没那么多，因为市场没那么强。那我今天为什么做了一笔？嗯，我也在问自己同样的问题。其实，我会在这期复盘里试着回答它。我做的那笔交易是有理由的，但结果不好。这笔交易我亏了 8,000 多美元，这非常让人泄气，因为我的账户当时已经到了 99,400 美元，
69	离突破 10 万美元只差 600 美元。现在我又回到了 91,500 美元左右。所以是的，这是一次挫折。财务上的挫折，当然；也是心理上的挫折。但交易就是不断遭遇这些心理挫折，然后能重新爬上马背。你们看着我走过这个挑战，这肯定不是我的第一个红日，也不是我最大的红日。我有过好几个不小的红日，每一个本身都非常让人泄气，今天也一样。
104	今天我的主账户也是红日，所以今天是双红。真郁闷。好，我们开始拆解吧。和往常一样，这些小账户挑战的全部利润都会捐给慈善机构，所以红日就更让人失望，因为账户里能捐出去的钱更少了。目前我们已经为慈善募集了 49.4 万美元，我已经捐出了 49.5 万美元，捐给了全国 50 家儿童医院，每个州一家。
134	另外还捐了波多黎各、华盛顿特区、关岛和美属维尔京群岛，这挺特别的。所以今天进入第 43 天，我们的涨幅榜扫描相当糟糕。有 MIMI，成交量 7,500 万股，你可以看到就在这里，流通股 1,200 万股，但可惜我对 MIMI 的问题在于它太便宜了，1.12 美元，我没兴趣，所以没做。GELS，同样的问题，
165	太便宜了。然后是 TLYS，这只有点意思，流通股 1,500 万股，我很快把图调出来：TLYS。你可以看到这只盘后有过一波，然后回调，然后在这里冲高，然后又回调。所以非常动荡，没什么让我觉得能信任的。然后是 GIPR 和其他几只，没有一只特别有意思。
197	然后突然在大约 9:17，扫描器报警 AEHL。我其实一直在看 AEHL，因为它今天早些时候确实冲过一次。AEHL 早上稍早时有过一波拉升，我耐心地坐在这里没做。这和昨天一样，耐心地坐着等、等、等。昨天大约 9:15，BIAF 就在这里冲了上来，昨天 9:15，然后从 7 美元一路涨到 11 美元。所以我开始想，也许今天会重演：一只股票突然冲上来，交易者扑上去，
236	它就成了当天那唯一的一笔交易。因为交易者经常陷入这种模式：如果某个形态在这个时段奏效了，他们就会在同一时间去做下一只类似的股票。所以当 AEHL 开始突破这个枢轴位时，大概是——我看看——7.50 美元，就在这个区域，我想：好，我觉得这只就是那一只了。于是它在这里拉升，一路到了高点，大概是 8.69 美元。然后又一次，我们看到的图形是：股票直线
275	上涨，走出一波漂亮的行情，然后就没了，就没了。除此之外我们再也没等到任何机会，这让交易变得非常难、非常令人沮丧。这只股票按当天涨幅、相对成交量，满足我的选股五要素；它没有新闻，所以满足五条中的四条；价格合适，流通股也合适。所以我在这里做了一笔，在小账户里买了这个小回调。
304	嗯，其实我买的位置更靠上，就在这里，我以为它马上要突破、继续上推，结果没有。它就这么停滞、横盘，然后我其实是在开盘时、就在这里这根大阴线里止损出局的。我想等到开盘，因为我以为它可能会在这里冲过 8.50 美元，结果当然没有。所以这就是典型的“冲一下就没了”，然后横盘，这种很难管理风险，很难做。
338	所以大账户亏了 8,200 美元，小账户亏了 8,400 美元。这很让人泄气，是一次挫折。我是说，看，你们显然见过我有过一些不可思议的绿日。当然，一个好日子我就能把这个赚回来。这不是那种让我想“天哪，我还能恢复过来吗”的亏损，完全不是，但它让人泄气，让人沮丧。
364	我觉得交易最难的部分之一，显然是红日；第二难的，是在偏冷的市场里坚持交易。因为在冷市里，你会觉得：“我做的都是上个月效果很好的那些事，这是怎么了？为什么这些回调不灵了？为什么它们涨不上去？”而这种转变比你个人大得多。并不是那些形态本身出了什么问题，而是整体情绪变弱了。这就是现实。
400	情绪变弱了。在这种时期我通常的做法是把钱从账户里取出来。我就说：你知道吗，我不跟它较劲了，我把钱取出来，把账户余额降到更小。这样如果我沮丧了、犯倔了，反正也没有足够的购买力去重仓。而这次我没这么做。我一直让账户增长，所以我有足够的购买力继续越来越激进地交易。只要市场一直相当强，这就行得通。但现在我们迎来了第一段真正的冷期，
440	天哪，我想大概是自春天以来的第一段。虽然才一个半星期左右，但我们不知道它会持续多久，可能好几周，也可能只再持续几天，但也可能更久。所以在此期间，我不想日复一日地这样不断出血、出现红日，那样行不通，我只会把账户耗光。所以我的选择是：坐在场边耐心等待，知道自己在市场热的时候赚了不少利润，这些利润能帮我熬过冷期，而且毫无疑问行情会再热起来。或者用非常小的仓位交易，只是为了让自己保持
478	积极交易的状态。但这仍然可能带来沮丧和失望，有时结果是更大的亏损，因为一旦你破了冰，不知不觉就会“哦，那就继续做吧”，然后从亏 600 美元变成亏 8,500 或 1 万美元，不管多少。所以更安全的做法是坐在场边熬过去。一旦你看到股票又开始涨 80%、100%、150%，那就是信号：好，情绪又转回买方了，现在我们有了顺风。正是这种感觉。
515	现在的感觉就像逆水游泳，做什么都感觉有阻力。而市场热的时候，就像顺水游泳，一切都朝着你的方向走，感觉很棒。但那不会永远持续，这种情况也不会。所以，能适应市场的这些转变，是要学的最重要的技能之一。我很感恩自己到目前为止能把风险控制住，但我仍然觉得这方面还有改进空间。今天这个红日比我希望承受的
553	要大，尤其是账户离突破 10 万美元那么近。真郁闷。好吧，看来这个挑战我还得再做一段时间。今天就到这里。提醒一下还没看过我们两周试用的朋友，你们其实可以在我交易时从我肩后观看。你会看到起，也会看到落。我会犯错，我也是人。有些日子事情并不如我所愿，是红日，但你能看到这些，并从中学习。所以希望你们去看看两周试用，链接置顶在评论区。我也照例提醒大家，交易有风险，我的结果并不典型，无论你跟我学还是自学，都不保证你
592	会成功。所以最好的办法，是在投入真金白银之前总是先在模拟盘里练习。好，我们明天一大早第 44 天再见。
