0	大家好。今天是周三早上，这期节目我来拆解一下昨天市场上涨幅最大的股票之一，因为它点燃了下午、盘后甚至今天早上盘前的一些动能。我们要努力给这只股票建立一个画像。因为如果我们能更好地理解这只股票是如何在一天之内涨了 1,000% 以上——这非常惊人——我们就能大致了解促成这波大行情的“配料”。然后当我们看到另一只股票出现在扫描器上时，就能看看下一只股票与这个画像有多吻合。
37	通常我喜欢进入市场上的某个主题，也就是我们知道效果非常好的一个画像。好到当我们看到一只股票符合它时，我会激进地冲进去，非常有信心至少能拿到 100% 到 200% 的行情，有时甚至更多。去年夏天，也就是一整年前的 2025 年，我们有一个非常好的主题：加密货币国库策略。今年夏天，我们的主题是没有新闻的中国股票，那就是走出大行情的股票的画像。但那真的很棘手，因为你不能随便冲进每一只没有新闻的
75	中国股票，那样行不通。所以促成那些大行情的某些“配料”是我们看不到的，也许是幕后在发生什么。所以在那个具体主题里，我们没能真正精准地预测哪一只会涨、哪一只会哑火或失败。昨天那波行情可能也有点这样。好，我们切到屏幕共享，开始拆解。今天我们肯定会讲 BENF，这只 30 分钟涨了 475%，非常惊人，是一波巨大的行情。这也是我今天赚得最多的股票，所以今天我们肯定会
111	讲它。但首先，我们看看 JAGX。JAGX 昨天走出了这波难以置信的行情，你可以清楚地看到就在这里。我是说，这只股票从大约 3 美元一股的低点一路涨到 65 美元以上。天哪。看看这些弯弧：弯上去创新高，弯上去创新高，小回调，小回调，然后推得更高，到 65 美元的高点。相当疯狂。如果你感到 FOMO，你不是一个人。我昨天完全没做它。它走出了这波巨大的行情，而我没做，因为我当天已经收工了。我赚了 1 万、1.3 万美元，昨天赚了 1.3 万，然后
151	我就收工了。所以我走之后发生的一切我都错过了。但我要告诉你的是，这只股票并不符合当前的主题。基本上，它冲了上来，连续上涨停牌一、二、三、四、五次。所以空头被打了个措手不及，而多头在干什么？基本上就是在追。追也能赚点钱，但风险相当大。然后它回调，又弯上来，回调，最终脱离。但在这个区域要有信心用大仓位会很难，因为那时它已经超过 20 美元一股了，开始变贵了，价差也更大。我想这只股票上大概发生的是，
189	有一些空头犯倔，然后被轧了出去，正是他们的买入把它推得这么高。并不是那些真正对催化感到兴奋、或认为这只股票有潜力做出惊人表现的偏多交易者，就只是空头被轧了。所以如果我们开始拆解这只股票的画像：它的流通股是 46.7 万股，这绝对值得注意。
215	好。它最近还做过反向拆股。所以这是一家不得不做反向拆股来让股价保持在 1 美元以上的公司，你可以看到拆股就在几天前，就在这里。所以我们开始看到：好，他们做了反向拆股，非常常见；而反向拆股后不久，公司往往会发布一条新闻催化。流通股是 40 万股左右，市值大约 250 万美元。很多这类公司都在努力让市值回到 500 万美元以上，因为有一条即将实施的 SEC 规则或纳斯达克规则：市值低于 500 万美元的股票
253	可能会面临被降到 OTC 场外市场的风险。所以很多这类公司都担心这一点，这意味着当它们的股价冲高时，它们可能不会马上想增发，因为增发会怎样？压制价格、把它往下推。所以它走出了这波巨大的反弹，然后又跌回来。并没有什么坏消息让它跌回来，它只是有点失宠了，看起来空头相当激进地把它压了下去，考虑到流通股这么低，这是有风险的。
283	你们很多人都知道，我有几个查空头持仓的工具，Ortex 是其中之一。Ortex 是我在 GameStop 轧空期间开始用的工具。如果我在这里输入 JAGX，Jaguar Health，然后点到这里的“空头”，点这个。你可以看到当前的空头持仓比例，显示是 12%。然后你可以看到融券利用率，也就是可供做空的股份中当前正被做空的比例，是 82%，这意味着只剩 20% 左右的股份了，可借的不多。借券成本偏高，但没有我们在其他
321	股票上看到的那么高。拿 BENF 做个对比：这只空头持仓 43%，借券成本涨到 200%，融券利用率 98%。那 BENF 今天走出了什么样的行情？BENF 走出了一波非常大的拉升。不过 BENF 并不是 JAGX 的跟风股，因为 BENF 不符合“最近做过反向拆股”这个画像。这一点很重要：最近反向拆股。我认为还有市值——哎呀——市值低于 500 万美元。较低的市值促使这些公司不会马上
360	增发，因为他们想让股价再高一点。另外，JAGX 确实有新闻催化，倒不是说感觉特别有意义，但确实有一个催化在那里。还有，当然，我们知道它开始异动时价格在 2 到 10 美元之间，这很重要。JAGX 的相对成交量，我是说，相对成交量难以置信。这是一只平时基本不怎么交易的股票，没人关注它，其他这些日子的成交量大概是 20 万股，然后昨天这一天成交了 2,700 万股。2,700 万股不是我们见过最疯狂的成交量，但显然比平均高得多。
399	这就是 JAGX。好，你猜怎么着？Wheeler 房地产投资信托，这是一只 REIT。他们最近也做过反向拆股，这些年他们做了很多次反向拆股，它们也冲高了。有点类似，因为它是一只市值非常小的 REIT。这只的问题在于它有做过那么多次反向拆股的历史：每做一次拆股，股价还是会走低，然后他们再拆一次，又走低。所以这只非常难以信任。但尽管如此，它今天涨了 274%，走出了一波漂亮的反弹。
436	回调，反弹，我就在那里做了一笔。我给你们看看我今天的盈亏：我现在大约是 9,961 美元，略低于冷市日目标每天 5,000 美元的两倍，或者热市日目标 2 万美元的一半。BENF 上赚了 2.2 万美元，IMCC 上亏了……所以这两只可惜差不多相互抵消了，Wheeler 和 MSS 是另外两只赚钱的。关于 Wheeler，因为我过去交易过它很多次，我对它有点谨慎，但我确实在
475	就在这里突破 VWAP 时做了一笔。它弯上来，我冲进去，如你所见，我们等到了从大约 6 美元到 7 美元的拉升，相当不错。我原本希望它能突破就在那里的 7.27 美元枢轴位，那样就能给我们一直到当日高点的空间。在这里没能做到，但在开盘时做到了，从 5.80 美元一路涨到 8.40 美元，不过那一段我没做，那个区域没有交易。好，这就是 Wheeler，行情还不错，它和画像相当吻合：低流通、最近反向拆股、市值低于 500 万美元。哦，没有新闻。所以这只
514	没有新闻。而 JAGX 的历史不算太糟，对一只小盘股来说这已经很难得了。所以它历史不算糟。Wheeler 的历史就相当糟糕，这让它难以信任得多。好，然后还有——NDP，不对，IPDN，抱歉。
542	IPDN 盘后也走出了一波相对较大的行情。如你所见，它也在不久前做过反向拆股。它从 4 美元拉升到 9 美元，回调，盘前继续走高，然后开始回吐。市值和流通股都低于 500 万，流通股非常低、市值也低。所以这只也符合清单，只是没有新闻，没有明确的催化。JAGX 有催化。IPDN 的图没有 Wheeler 那么糟。JAGX 你可以看这张
582	图，我是说它也跌过，不算好，但没有 Wheeler 那么糟，Wheeler 真的很糟。好，这就是 IPDN。然后今天早上我们坐下来，我今天早上做了第一笔交易。我看看，我倒回去一下，你们可以再看一下那里的盈亏。今天早上第一笔是 Wheeler，这是我的第一笔交易：破冰，赚了 7,000 美元。第二笔是 IMCC。
609	IMCC 是一家以色列公司，它发布了新闻——嗯，增发的消息是后来才出的——他们先发了一条标题，说签订了一份无约束力协议，要收购 Space Defense Innovations 51% 的股份。好，所以他们在这里对商业模式做一点转向，挺有意思。他们一直是一个医用大麻平台，服务以色列、德国和其他几个地方的患者。所以他们通过投资这家太空公司做一点转向。股价立刻拉升，我对它的感觉是，我不确定能不能真正信任它。于是它最后
648	先从 5 美元涨到 5.20 美元，再到就在这里的 6 美元。然后它就在这里回调。在这第一次回调中，我在大约 5.50、5.60 美元买了这次回踩。所以我就在这里的回踩中进场，其实是 5.70 多。然后我们等到了这波拉升到 8 美元，很不错。然后回调一点，冲高、下探。在这波上涨过程中，我在 IMCC 上总共锁定了大约 7,500 美元的利润。我做得不算特别激进，它有点在没有我的情况下涨了，它有点像是慢慢磨上去的，但确实一直在走高。然后它最后
686	回落、横盘，然后就在下面这里跌下去，跌破 VWAP。就在这里它重新冲回 VWAP 上方时，我买了 4 万股。我加大了仓位，因为我在博它重新拉升突破高点，结果被打回。它又砸回这里，我在这只上从赚 7,000 美元变成——那一笔我亏了 1.5 万。所以从赚 7,000 变成亏 7,000。它下跌，我简直不敢相信。然后它又上来了，果然又上来了。我说：“你知道吗？骗我一次，是你的错；骗我两次……”嗯，我不会被骗第二次的，因为这次一定能成。
726	于是我又进场了，结果又被打回。所以其实我确实被骗了两次，第二次从技术上、法律上说是我的错。非常令人失望。然后它横盘，又上来，我又在盯它。然后它第三次一路砸下来，跌到 2 美元一股，因为就在那一刻，突发新闻出来了：他们做了二次增发。
752	通常公司不会在一小时之内既发利好又发二次增发。为什么不会？因为这可能被解读为：他们发布好消息只是为了推高价格，明知道一小时后要发坏消息。最好是两条同时发，或者隔开几天发，这样就不会给人留下“发新闻只是为了抬高股价、然后坏消息就来了”的印象。因为本来应该发生的，基本上是你发了新闻、然后什么都没发生，对吧？结果却是大涨然后大跌。所以空头赢了，一些多头被烫伤了，这可不太好。
791	如果什么都没发生会更好，要是他们根本没发新闻，或者把两条新闻放在一起发，就更可能是那样。但总之，他们没有。所以就发生了这样的事：它跌到 2 美元，又反弹，现在在 2.95 美元。所以我在 IMCC 上一共做了大概四笔，先是赚的，然后把利润吐回去，变成亏的。这很令人失望。然后我换到了 BENF。那时 BENF 显然在走高，它就是那只显眼的股票，虽然我并不太想做它，但我再也没法无视它了。于是我在大约 2.48 美元就在这里冲了进去，等到了拉升到 2.80 美元。所以我们等到了
832	就在那里的小冲高，给了我几千美元。它回调，又上来。我在这个区间里积极交易，找弯弧，在下面这里买回调。那个区域有一次非常漂亮的回踩。随着越来越接近开盘铃，又出现了一个弯弧，我一路做到这里，最好的出场价大约在 3 美元一股。我有点意外它在回落过程中停牌了这么多次，我本以为它会继续涨，真的。所以这些停牌的难处在于，当你被困在停牌里时，你毫无掌控，就是被困住了。所以在我看来，
870	在盘前或盘后交易这些股票要好得多，那时你可以进出，交易的流动性更好，你不会被困住，而现在你就是一次又一次被困住，简直是灾难。所以看到它掉头往下我很失望。但无论如何，这只跌了。这只同样不符合画像，它不是最近反向拆股的股票，是一只一直在跌的股票，只是他们发了新闻，于是我们看到了这波反弹。它的市值相对较低，但不低于 500 万美元。总之，那只有一波大行情。然后是 MSS，这只冲了上来，我就在这里博那次弯弧冲进去，从 2.69 美元到 3 美元，然后我们等到了涨到
911	3.20 美元的行情。所以我一共交易了四只股票，四只里三只是赚的。你知道，今天不算好的一天，因为我开局——我们切到白板上——开局相当漂亮，两笔交易、差不多两只股票让我赚了 1 万美元，然后一笔交易——嗯，其实我应该换个画法——大概是到这里 1 万美元，然后一笔交易让我翻成了亏损，到下面这里，然后我又反弹回来，基本上收在这里。
948	所以收盘时略低于我的高点。但这并不是你希望的一天的走法。我在这里站上本垒板，以为自己有利润垫，还能再来一波上涨，但就是没成。所以挺令人失望的，但尽管如此，我还是以不错的状态收尾了。在我录这期复盘的时候，John 在聊天室里给会员做市场评论，带他们看什么在动。如你所见，WHLR 仍然波动很大，仍然在提供机会。所以一定去看看两周试用，链接置顶在评论区，也在说明栏里。你可以过来听我的评论、听 John 的
986	评论、参加导师课，还可以用这里的这套软件，试试看图、扫描和搜索突发新闻是什么感觉。好，谢谢大家。一如既往提醒大家，交易有风险，我的结果并不典型，无论你跟我学还是自学，都不保证你会成功。所以请管理好风险，慢慢来，明天一早 7 点我们在 Warrior Trading 为会员直播时见。
