1	大家好，欢迎来到小账户挑战第 40 天，用嘉信理财做券商，把 2,000 美元的账户做大。今天是很有意思的一天。我今天早上大约 6:30、6:45 坐下来，那时已经有一只股票涨了 200% 以上，正在大幅异动。我有点 FOMO。接下来冒出来、看起来不错的那只股票，可惜我犹豫了，因为我不确定它是否真的符合今天行得通的主线，我担心注意力是分散的。结果我坐在场边，错过了几段行情。然后又冒出来一只股票，我重重地砸了进去。我当时想：“好，这只我
39	不会再错过了。”结果我在它上面赚了一大笔，太不可思议了。我本应该当场就停手的。但我没有，我继续交易，把赚到的利润吐回了大约一半。好吧，这是一个棘手的市场，已经棘手了好几周，今天也不例外。不过今天仍然是绿日，我赚了 1 万美元以上。所以我们的慈善募款已经超过 49.2 万美元。我小账户挑战的全部利润都会捐给慈善机构，而你们每给这个系列的节目点一个赞，我就额外多捐 1 美元。
77	所以，对于那些看完了这个系列目前全部 40 集的朋友——其实还多几集，因为有一集引言——你们每次点赞都贡献了钱，你们一直在帮助这个挑战。我们的目标是给美国每个州捐一家儿童医院，我们做到了，已经捐到了 50 家儿童医院。现在我们又加上了波多黎各、华盛顿特区、关岛，维尔京群岛就是下一个，大概明天或者这周。所以我已经捐出了 48.5 万美元，
111	今天还有 5,000 美元准备捐出去。所以，在向全国儿童医院捐出 50 万美元这个目标上，我们进展很好。但今天我确实犯了一个判断错误，有点没管好风险，这种事时不时就会发生。今天一大早我一笔都没做。我把扫描结果调出来：早些时候 AIXI 出现在扫描器上，便宜的股票，大幅异动，涨了 200% 以上，但如你所见，涨幅又慢慢回吐下来。然后是 SWVL，
153	它也冒出来，也大幅异动。我坐在场边，因为我一直在想，我不确定它能不能走出来。我就是在犹豫，然后我又想：“唉，天哪，涨到这么高我没法进了。”它交投非常厚重，在往上冲。就在这里出现了 ABCD 形态：冲、冲、冲，砰、砰、砰、砰、砰。然后在那里和那里有几次被打回。
177	然后这里肯定也是：这根、这根、还有这根 K 线。所以那只我最后坐在了场边。然后 Archon 出现在扫描器上，我想：这只我不会再错过了。但它刚冒出来时，我有点犹豫，因为我真的不确定它能走出来。结果你知道吗？这只股票最后一路跌回来了，现在相对于今天的开盘价是跌的，这真让人泄气。看这只，这是 1 分钟图：三根 1 分钟 K 线，然后就跌回来了。
207	就这样。所以我其实有点懊恼，因为这只股票我在小账户里是赚的，我是先在小账户进的场；然后我在大账户里去追，以为鉴于今天市场的动能水平，它会一直往上拉。所以我在小账户里 6 美元左右先建了底仓，然后在大账户里加仓、加仓、加仓、加仓。它最高到了 9 美元，我心想：这是抛物线式上涨。
234	太惊人了。然后它一路跌回 6.50 美元，反弹到 8 美元，又回到 6.50 美元，然后砸到 5.50 美元，再回到 7.50 美元，最后如你所见，就这么掉头往下了。所以今天这一天，我的大账户是红的，而小账户是绿的。这有点……我之前也跟自己说过：出门旅行时别在大账户里交易。可我还是觉得自己能做，结果如你所见，今天并没有什么回报。所以 Archon——我今天在小账户里以一笔盈利开局，
274	一笔相当大的盈利，待会儿给你们看盈亏时就能看到。但我接着又冲进了另一笔交易。顺便说一下，Archon 刚出现在扫描器上时，我快速按选股五要素评估了一下，发现成交量太低，包括相对成交量，流通股也偏高一点，这就是我没在下面这里冲进去的原因之一。它冲到这里，我想：好，现在该认真对待了。它砸下来，来到这里，然后就在那里，我下了单。到那时相对成交量已经上来了，因为我们看到总成交量一直在累积。
308	接着是 GRML，同一个板块。虽然价格高一点、成交量小，但它一出现在扫描器上，我就想：“哦，这就是下一只了。前面几只我都慢了，这只我不会再慢。”所以我马上下单，立刻进场，成交在 10 美元出头一点。它涨到 10.50 美元，然后直接砸下来，一瞬间我就亏了，每股整整亏了 1 美元。
336	好吧，那是一笔很难看的亏损，待会儿给你们看这笔的盈亏。然后是第二个扫描器报警，其实是第三个报警。我倒回去一下。好，倒回去。第三个扫描器报警，是 DAIC 的延续行情。DAIC 冒出来，这只白天本来就在观察中，它昨天常规交易时段有过一波大涨。
366	盘前下跌，早上 7 点在这里拉升，我没做。它回调、回调，当它突破 3.75 美元这个价位时，我想：“好，我冲进去博它拉回 4 美元。”它最后涨到 4.20 美元，然后又回落。一笔还不错的小赚。然后是第四笔交易，其实是第四个延续行情的扫描器报警，这只是 AMIX。
392	AMIX 就在这里出现在扫描器上，形态和 DAIC 非常相似。所以我在这里做了这笔，博它第二天延续、突破 9 美元。但那笔的回报没那么好。这是我今天的盈亏：赚了 10,598 美元，其中 Archon 赚了 1.7 万，紧接着在 GRML 上亏了 8,000，然后这两只上各有较小的盈利。
420	问题是这样的，真的很可惜。今天有那么一刻，我的小账户超过了 10 万美元——不是今天的总利润，而是账户总共的增长。然后我冲进了 GRML，只因为觉得今天市场特别热，我能再快速赚一笔，反正今天会是个好日子。结果突然间 8,000 股每股亏 1 美元，整整亏了 8,000 美元。砰。那真让人泄气。
446	真的很泄气。在这些股票上赚回了 1,500 美元左右，但并没有弥补多少。所以我现在低于 10 万美元，那是我一直瞄准的大里程碑。我想我在第一笔交易之后就应该停手的。但无论如何，今天还是绿日，事已至此。但我的大账户是红的，这又让人泄气。我有过很多小账户绿、大账户红的日子，也有过两个账户都漂亮地赚钱的日子，也有过一些
484	两个账户都亏的日子。我不知道有没有过……我想可能有过几天是大账户赚、小账户亏。所以，事情就是这样。这是我这个挑战的一部分，对我来说也是独特的一面，因为我的目标是不想完全牺牲主账户的交易。事实上，主账户的八月相当坎坷，如你们所知，我有过一些大赚，但也有过一些相当大的亏损。
515	不过，截至今天，就算算上今天大账户的亏损，我两个账户一起做，绝对还是更划算的，这个夏天肯定如此，具体到八月更是如此。只是看起来我更像是在坐过山车，我很难在多个账户里同时真正有效地管理风险。而且说实话，这两个账户的风险承受度确实略有不同。所以你看过去 60 天，这
553	包括两个账户。不过，就算只看过去 30 天，对吧？过去一个月左右、一个半月、6 周，那是 49.6 万美元，对吧？大账户是赚的，小账户是赚的，60 天里两个都是赚的。比如说，如果我整个夏天都只在大账户——抱歉，是只在小账户里交易，那会让我损失……我是说，小账户从 6 月份 2,000 美元的起始余额，到八月底这里做到了大约 10 万美元。
588	所以小账户赚了大约 10 万，9.5 万美元，而我总共赚了 140 万美元，其中 137 万来自大账户。但你能看到，它的回撤多一些、深一些，更像坐过山车。但今天亏钱虽然令人失望，绝对还在可承受范围内。所以，事已至此。我明天一大早 7 点就回来，希望这周有可能突破并守住 10 万美元这个里程碑。我觉得目前我很有机会做到。
625	我只需要再来两个不错的、赚 2,500 美元的日子，就搞定了，挺令人兴奋的。好，今天就到这里，一如既往感谢大家收看。提醒一下，我的结果并不典型，交易有风险，所以在投入真金白银之前，请务必先在模拟盘里练习。我们明天一大早 7 点见。
