0	大家好，欢迎来到小账户挑战第 45 天，用嘉信理财做券商，把 2,000 美元的账户做大。今天是绿日，我把前两天回撤的亏损赚回了大约一半，那两天都是红日。第一个红日我亏了 8,000 美元，第二个红日又亏了 3,000。从某种意义上说这还算好，因为有时会发生的情况是，你亏得越来越多：先亏 8,000，然后 1.6 万，然后 3.2 万，因为你陷入了“我想在一天之内全赚回来”的心态，于是冒更大的风险。我……我是说，显然我
39	第二天亏了 3,000 美元，但我做了一个正确的决定：把仓位降了一点，这样如果再来一个红日，总亏损也更可控。因为问题就在这里：你每天进场时，并不知道这天会是红日还是绿日，但你能控制自己愿意冒多大的风险。这样即使是红日，亏损也可控。核心思路就是确保你亏的永远不超过你能承受的。我喜欢让自己亏的不超过一个好日子能赚的。今天是不错的一天，赚了 6,000 美元多一点。不是本垒打，因为我交易的那只股票
77	只满足选股五要素中的四条。而且因为市场有点偏冷，我又刚经历了两个红日，所以我用了较小的仓位。结果这个形态效果非常好，我赚了 6,000 美元，是分几笔交易赚的。事后看，如果我用三倍的仓位——我确实有这个购买力——我会赚到三倍的钱，今天就赚 1.8 万美元了。但如果我用了三倍仓位而我判断错了，今天可能就亏 1 万美元。
110	而在连续红日的第三天，我不想要那种红日，对吧？那就是事情开始失控的地方。你希望红日一个比一个小、越来越小，直到你扭转局面、重新变绿。一旦转绿，你希望那些绿日一个比一个大，因为你看到市场在起作用，对你有利，是时候站上本垒板了。这就是思路。好，第 45 天。提醒一下，这些小账户挑战的全部利润都会捐给慈善机构。这个系列一开始我定下的目标之一，是给美国每一个州的一家儿童医院捐款，
149	也就是 50 家儿童医院。我知道我想给每家医院至少捐 5,000 美元，这意味着目前我至少需要募集 25 万美元。而截至周五，我们已经募集了超过 49.3 万美元。加上今天 6,000 美元的利润，再加上你们点赞——你们每点一个赞，我就多捐 1 美元——今天我们的慈善募款超过了 50 万美元。我们已经给每一个州的一家儿童医院都捐过了，然后
187	又加上了波多黎各、华盛顿特区（哥伦比亚特区）、关岛和美属维尔京群岛。所以现在我们实际捐出了 49.5 万美元，募集了 50 万美元。所以现在我得考虑接下来捐给哪里。我很希望你们推荐一些你们觉得不错的慈善组织。我不喜欢捐给有政治性质或特别有宗教性质的机构，我喜欢确保自己的捐款不会太有争议。所以儿童医院一直很合适，当然
226	其中有些，比如圣裘德之类的，确实有一些宗教背景，但总的来说我对此还是感觉很好。所以欢迎在下方留言，推荐你们认为适合未来捐款的非营利组织。好，今天第 45 天，从技术上说我们有一只领涨股，如你所见是 BURU，涨了不少，但你也能看到它没有成交量。当一只股票涨了很多却没有成交量，而且提示“检查申报文件”时，这往往更像是行情数据的一种异常，需要我们复核。我想这其实是一只……
264	我看看，复核一下。是的，这好像是第一天，大概是从 OTC 场外市场升板上来的。有时一只股票升板时，会显示 2,000% 的涨幅，因为这只股票一下子从零变成了现在的价格。所以我通常无视这些。我不会把它们过滤掉，因为你还是要留意一下，有时新上市的第一天会有大行情，但大多数时候我就不碰它。然后是 NCT，50 美分一股，有点太便宜了。
296	到目前为止成交量超过 1 亿股，但对我来说还是太便宜。然后，砰，就在那里，BMGL。截至现在 BMGL 涨了 79%，在 8.22 美元，正在反弹，而且此刻正处于上涨停牌中。它就在这里给了我们这个弯弧。我们待会儿进图表细聊，但合乎逻辑的目标是回测——我们有空间到这里的 200 均线，大约在 10.41 美元。
327	当 BMGL 第一次出现在扫描上时，我按选股五要素分析了它。第一，当天涨了多少？超过 50%，很好，最低要求是 10%，这很好。相对成交量多少？最低要求 5 倍，这是平均成交量的 11,400 倍，难以置信。之所以会这样，是因为这只股票今天当然要有大量成交，同时之前的交易时段成交量又相对很低，才会形成这么大的失衡。它周五的成交量真的只有 327 股，
367	就这么多。而今天现在已经有 1,600 万股——1,400 万股。所以你从 300 股的成交量——相对成交量是按 50 日平均算的——一下子到了 1,600 万股，这是巨大的激增。你可能会说：好，哇，这只股票在 11,000 倍相对成交量上涨了 50%，现在是 70%，太惊人了。截至现在，相对成交量其实已经到了 15,000 倍。我第一次看它时，大约是这个数。那么催化是什么？
396	是什么在推动它上涨？嗯，没有催化。是的，我知道，又是一只没有明确催化的外国上市证券，这就很棘手。价格合适，在 2 到 20 美元之间。流通股合适，事实上相当低，不到 50 万股。但因为没有催化，我们只满足选股五要素中的四条。于是它出现在了好几个不同的扫描器上。它大约在 7:40 出现在这里的“正在拉升”扫描器上，那时成交量相对较小。相对成交量仍然挺高，超过 5 倍，涨幅百分比也够，但总成交量小。所以它冲高、回落，然后就在这里又弯上来。我试着
436	在这个弯弧上进场，但我的订单没有成交。我不知道是因为成交量太小还是什么原因，但我的限价单高于当前价格，我至少应该成交几股，结果一股都没成交。所以就在这里我什么都没买到。它最后从大约 5.50 美元的低点涨到 6.50 美元，有点令人失望。我没成交，不过无所谓。它最后在下面这里回落，走得更低，然后就在这里弯上来，给了我们这根从 5.50 到 6.50、7.50、再到 8.50 美元的大力量阳线。回调、上来，回调、上来，回调、上来，被打回。所以要留意反头肩形态。
475	传统的头肩形态正好相反：先形成这个“头”，然后是这一侧。通常传统头肩形态是先有一大波上涨，然后是边缘，回调，然后再涨高一点，然后又回调，这通常会导致下跌。而反头肩形态是先下跌，反弹上来，一个熊旗，走得更低，然后又反弹回到差不多同一个价位，回调，现在如果我们突破那个价位，就会重新往上拉。来看这个，就在那里突破 VWAP，非常漂亮。所以现在就在那里形成了反头肩形态，你往上拉。在这只
514	股票上我注意到几件事。我查了它的 SEC 申报文件，看了日线图，注意到几点。这是一只新加坡上市的证券，不是美国证券，这有点符合这些外国上市证券走出大行情的特征，我们周五还是周日的观察清单里讨论过这个。我看到日线的 200 均线在 10.40 美元，没问题。我看了日线图，意识到它只有几天有过成交量，都在很久以前这里。事实上，它是在 2025 年 2 月这里首次开始交易的。所以它不算是全新的 IPO，但
552	与今天也上涨的另一只股票 CRBP 相比，CRBP 的历史要长得多。CRBP 在冲高，但交易得不太好。所以当 BMGL 开始冲高时，我心想，这两只里，这只的日线图更有意思一些。你可以看到它最近就在那里做过一次反向拆股。然后我在想：好，这只股票有没有 Shelf 注册？于是我调出 BamSEC 来看 SEC 申报文件，往前翻，没看到最近的 Shelf 注册。2025 年 2 月提交过一份卖股的招股说明书，
590	那是一年多以前、一年半以前的事了。所以我不太担心，那是旧的了。和 TN 对比一下：TN 在突发新闻出来前大约一周就提交了 Shelf 注册，然后又有这份再卖 180 万股的招股说明书。所以当时感觉非常清楚，TN 就是那种会卖股的公司。我对 BMGL 没有这种感觉。这不代表他们不会卖，只是感觉它没有 TN 那样的上方风险。所以我们等到了第一次突破成交量加权平均价。我把这些图藏一下。好，我们等到了
627	就在这里的第一次突破，这是一波很棒的行情。然后它回调，然后你在这里看到第二次回调——抱歉，第一次回调就在这里，第二次回调在这里。然后出现了一根长上影线，对吧？看它怎么拉上去又反转的：漂亮的放量阳线，然后一根成交量稍大一点的阴线。它回落，又上来，然后看这次剧烈的被打回，这两根 K 线上是放量卖出，我不太喜欢。它回落，最后在临近开盘时又反弹上来。临近开盘的那波反弹我在主账户里做了，但没在小账户里重新进场。
664	所以总利润是 6,385.10 美元，让我的账户现在到了大约——准确地说——94,481.56 美元。所以这个小账户离突破 10 万美元大约还差 5,500 美元。不错。好，今天是个好日子。如果我明天一笔都不做，如果没看到真正扎实的机会，那也没关系。我想专注于质量而不是数量。所以我站上了本垒板，在 BMGL 上做了几笔漂亮的交易，没有赖着不走，锁定了一个
703	绿日。这就是做大小账户的方法。事后看，我真希望那两个红日里没做那两笔交易，是它们让我陷入了这次回撤。但事后诸葛亮总是看得清清楚楚。当时我觉得市场很强，觉得形态很好，以为会成功。显然，如果我不这么认为，我就不会去做。所以，你看，有赢有输。说到底，我在进步，也许没有我希望的那么快，但我确实在进步。2017 年，我用不到 600 美元开了一个小账户，花了 44 天把它做到了 10 万美元。不过那时我
743	用了杠杆，6 倍杠杆，用的是一家离岸券商。而这次挑战我没有用杠杆。所以我一直在做日内交易，但没用杠杆。这大多不是因为我不想用，而是因为嘉信理财不给很多这类高风险的低价股提供杠杆。所以虽然我是从 2,000 美元而不是 583 美元开始的，但我没有杠杆可用。所以增长慢了一点，但也没慢太多。我是说，今天是第 45 天，我已经非常接近 10 万美元大关了。总之，我们看看最终哪一天能突破吧。
782	但与此同时，我在继续进步。所以如果你们想看看两周试用——即使不是为了听我的评论、上一些课，只是为了用我们这里的图表和扫描器——当然也欢迎来看看。两周试用，20 美元，你会收获很多，能试用这个平台，愿意的话还能听我的评论，看看成为我们社区的一员是什么感觉。希望你们去看看。恭喜那些在 BMGL 上锁定了利润的朋友。我很高兴看到它继续走高。下一个目标是 200 均线，10.40 美元。如果突破了，那上方空间就很大了。所以那
819	可能会变得相当有意思。最大的变数在于：这家公司会不会在公开市场上卖股融资？他们的股票今天涨了 100%，卖 100 万股就能融到 800 万美元，卖 500 万股，那就积少成多了。所以如果他们想卖，有 Shelf 的话就可以开始卖，但至少就我所见，他们没有，我没看到有 Shelf 注册。那他们能多快弄出一份来？也许今天就行，但我认为他们今天没法卖出那些股份。不过再说一遍，它是外国上市证券，所以我想你永远说不准。但
858	看到这个还是很好的。哦，还有一件事我要提一下。Rehea，这只股票就在这里冲了上来。中国股票，没有新闻，冲高，然后跌到 2 美元。所以它涨到 2.95 美元，差不多 3 美元，然后跌到 2 美元，然后一路反弹回 2.50 美元。这是从低点的一次漂亮反弹，不只是一个熊旗，对吧？是一次漂亮的反弹。当然最后它还是向下破位了。但如果我们开始看到这样的走势：大跌之后从低点反弹 50% 甚至更多，那如果有一只一路反弹回这里呢？如果有一只冲破了高点呢？那么突然间，任何在这些前几根 K 线上做空的人都会想：糟了，多头
896	开始站上本垒板了，我最好小心点，因为会有股票跌下去又一路涨回来，那会相当吓人。CRBP 今天就有点这样：它就在这里从 10 美元大跌到 5 美元，然后一路涨回来。回调、上来，回调、上来。它没能突破 10 美元并守住，这我并不意外。它的流通股稍高一点，还有公司的基本面，我认为它是那种卖股风险较高的公司。所以我没做它，但看到这些反弹是好事。所以这是值得关注的东西：如果我们看到越来越多这种反弹，可能说明动能开始转回
934	买方了。好，我也照例提醒大家，交易有风险，我的结果并不典型，无论你跟我学还是自学，都不保证你会成功。所以请管理好风险，慢慢来，在投入真金白银之前，一定先在模拟盘里练习。我明天早上美国东部时间 7 点直播。
