0	大家好。今天这期节目，我来拆解一下周一早上的日内交易观察清单和下周的作战计划。上周对小盘股交易者来说，市场相对安静。周一、周二、周三有一些机会，但周四周五就冷下来了。事实上，我在准备整理观察清单时，上传并导入了上周的所有交易，惊讶又困惑地看到周五是个红日，因为我对自己说：我周五没亏啊，你在说什么？
30	统计数据肯定出错了。然后我仔细一看，想起来了：哦对，我周五是亏的。你知道吗？这正是你该有的状态。你要让它成为过去。不管是赚是亏，你都把它抛在脑后，继续前进。所以我被提醒了，其实我周五是亏的。我很方便地把这事忘了，我想这让我这个周末心情还不错，我真的把它彻底抛到了脑后。但关键在于，我周五转红之后就停手了。我没有继续跟它较劲，没有硬推，我就是放弃了，我说：“看，今天不行，事已至此。”所以是的，周五是红日，但因为我没有让情绪受损，没有
67	陷入恶性循环，也不像八月这里那几个红日那样回撤很深，所以很容易就忘了。无论如何，我们看看九月，对我个人来说这是非常非常艰难的一个月。我相信可能有其他交易者做得更好。我当时的注意力有点分散，我在分散自己的注意力，结果没有回报，因为我既要关注大账户，又要关注小账户，太分散了。所以有好几天我没在大账户里交易，专注于小账户挑战。总之，无所谓了。
103	事已至此。上周开头不错，然后周四周五冷下来了。不过有意思的是，周五我们又碰到了一只中国股票，拉升了 550% 以上。这里将近 600% 的行情：从大约 2 美元的低点一路涨到 4、6、8、10、12 美元，回调，盘后涨到大约 14、13 美元，然后又回落。它是一只没有新闻的中国股票。这对我来说一直很有挑战，因为过去我们有过像比特币国库策略这样的主题，比如当一家公司
143	发布比特币国库策略的标题、而且规模很大，比如 10 亿美元，我们几乎可以非常确定——我极有信心——这只股票会至少涨 100%，经常是 200%、300% 甚至更多。而现在，每一只冒出来的没有新闻的中国股票，我都没法有信心它会涨 200%、300%、400%。是的，有些会，但另一些冲上来之后马上就跌回去了。因为我们对很多这类中国小盘股了解多少？相当多的中国小盘股卷入过 WhatsApp 和 Telegram 的诈骗群：他们群发消息，
184	告诉所有人这是下一只大牛股，有消息要出来，嘘，保密，别告诉任何人，但你能买多少就买多少。与此同时，在大家买入的时候，内部人在抛售股份。所以这些股票会有短暂的上涨，然后马上全部吐回去，甚至跌得更多。所以当一只股票在没有明确标题的情况下开始冲高、而且是中国股票时，我会持怀疑态度。然而，其中一些确实给了我们大行情。只是我很难有足够的信念，在每一只冒出来的中国股票上都用大仓位。事实上，那样做是错误的。所以周五 MSGY 我一笔都没做。它流通股 80 万股，
224	成交量是平均的 1,700 多倍。我是说，它满足选股五要素中的四条，但第五条是新鲜的新闻催化，它不满足。你可以看到它在日线图上涨到了略低于 200 均线的位置，所以在这里碰到了那个技术阻力位。但你可以看到这只股票以前就这样暴跌过。嗯。所以我对它非常谨慎。你也不能怪空头激进，认为它会再次反转。只是我们确实遇到过这样的情况：这类股票上涨停牌，然后突然——在 5 美元上涨停牌、在 10 美元复牌——
262	在停牌中就涨了 100%。作为空头，那是你最可怕的噩梦，因为你根本没有办法管理风险。你就是困在一次上涨停牌里，然后大幅跳空高开，你被困住了。那么周一我们应该继续关注中国小盘股吗？我会说一般来说，我对那个不太感兴趣。但上周的几波行情——上周有一波 1,000% 的行情，那只股票的流通股不到 50 万股，最近做过反向拆股，
292	市值不到 500 万美元，我认为这一点很重要。它确实有新闻，价格在 2 到 10 美元之间，相对成交量非常高，而且不像其他一些股票那样历史很糟糕。所以我有点在想，我们可能会看到更多反向拆股的股票。顺便说一下，那是 JAGX，是周五——不对，抱歉，不是周五，我想是周三还是周二——我们看到了这波大行情，它确实有新闻，我们看到了这波惊人的拉升。我是说，这太难以置信了，它最后实际上从 3 美元一路涨到了 75 美元一股，大约 2,000%，太惊人了。嗯，65 美元一股。无论
331	如何，然后 Wheeler 房地产投资信托也冲高了。不过这只有点难以信任，因为你看日线图——天哪，反向拆股。他们做的拆股、反向拆股比我见过的任何公司都多。嗯，大概只有 Mullen 可能更糟，而它们现在已经被退市了。所以我当时在想，这会不会成为一个主题：最近反向拆股加上催化。这是一个我能更好理解的主题，因为你能看到它最近做过反向拆股，也能看到它有新鲜的新闻催化。当这样一个主题奏效时，交易者会在下一只上很激进，
368	而且有催化在背后支撑。但可惜它只给了我们那两波行情，然后就差不多没了。另外周五你还可以看到 GYGY，这只低价股在盘后时段拉升。我相信交易者会在周一早上盘前早段盯着它。它是一只最近 IPO 的股票，之前跌得很猛，现在在反弹，也有过另外几天放量，但 K 线都收阴，所以我不会死守着它，但它值得关注。我们开始在这里建立观察清单。GYGY 上了清单。这是一家美国公司，流通股 570
410	万股，周五开始拉升。所以这是周一早上我们肯定应该关注的一只。好，我点开看一下，我只是想复核一下。帕洛阿尔托，好，没问题。AI 驱动的运动表现技术公司，所以是 AI 科技，这是会出现这种行情的对的板块。好，这些都没问题。好，这只就这样。
436	然后是 MGLD，这是一起收购。看这只股票怎么完全横盘交易的。当一家公司被收购时，就会这样。我也许可以截个图，找个时候拿来做案例研究，给大家看看这是什么样子，这是一个特别有说服力的收购案例。那为什么一只股票会完全横盘交易？公司已经被收购，价值已经确定，
461	没有人再去猜测它将来可能值多少了。所以这只不在雷达上了。INLF，这只周四盘后开始异动，延续到周五。在这个市场里，我对做那种延续形态不感兴趣。在其他市场里那种形态效果更好，但现在我不感兴趣。所以 GYGY 是盘后时段涨幅最大的，CLRO 是盘后时段第二名的领涨股。如你所见，CLRO 的流通股也非常低，不到 100 万股，拉升、回调。它是一家美国公司。这只我们以前做过，结果有好有坏。有时候
500	效果很好，但并不总是这样。所以我会这样看：日线图很难忽视，你看到这一大波上涨，然后回落，然后又上来，然后又回落。所以如果它再上来，我会预期它守不了太久。所以我甚至会看这条下降阻力线。这是个大概，但如果我拿出画线工具，画趋势线。所以几乎可以肯定在 10 美元附近会有阻力。然而，在 5 美元的位置，它仍然可能再涨 100%。所以我会把它放进清单。
536	这些从选股要素来说不一定是五条全中，但值得考虑。这只的流通股是 89.3 万股，比 GYGY 低了不少，我认为这很重要。你知道，流通股更低、需求相同、股数相同，这只会动得更多。两只成交量都是 1,000 万股，那是需求，但一只流通股 100 万股，另一只——四舍五入算 800 万股吧。
564	那我会预期这只的涨幅是另一只的 10 倍，因为需求相同、供给更少。这是供给，而需求体现在成交量上。好，所以我们会留意 CLRO。对于那些起得早的朋友，比如凌晨 4 点、5、6 点，这些是好机会。到早上 7 点它们是否还在活跃是另一回事。所以明天早上我大约 7 点、6:45 到 7 点坐下来时，我要看的是这里的涨幅榜扫描器，看看动能上领先的是什么。然后我检查这只股票：看流通股、看价格、查相对成交量、查看
603	它的注册国家，以及有没有催化。做完这一切之后，我才开始真正判断：日线图还行吗？有没有 200 均线的阻力？如果都没问题，我就在日内时间框架上找具体的入场点，通常看 1 分钟图。这时我开始找回调形态。回头看这里的 MSGY：回调、回调、回调、回调，反弹进入停牌。然后是一次下探，一点冲高，然后基本横盘，回调一点，下探了一阵子。然后我们开始在这里筑底、走平，进入盘后时稍微弯上来，
641	但没有脱离，然后突然猛拉回去，小回调，一波拉升。我一直觉得有意思的是，当创新高的那波上涨成交量比最初的突破还小时，那是一种背离：价格上涨，成交量下降。通常这对我来说意味着它维持不住这些价位，它最后也确实回吐了。尽管如此，1 分钟图是我通常找入场点的地方。对于一直在视频平台上收看的朋友，如果你想在我交易时从我肩后观看，应该去看看我们的两周试用。两周试用能让你用上这里这套同样的软件来看图、扫描和看突发新闻，
679	也能让你收看我的直播，以及从课程里精选的一些课，这样你可以更多了解我每天交易的这套策略。这是一套基于动能的策略：我找已经在动的股票，在回调时扑上去，从趋势的继续上行中获利。这就是周一早上的作战计划。我们有 GYGY、MSGY。我不认为 MSGY 真会活跃。我可能错了，如果它开始弯上来，我会看向 12.73 美元，但我们知道 200 均线离得不远，在 15 美元。所以要注意那个
717	附近的阻力位。我也照例提醒大家，交易有风险，我的结果并不典型，当然，无论你跟我学还是自学，都不保证你会成功。所以请管理好风险，慢慢来。我们明天早上 7 点在 Warrior Trading 为会员直播时见。
