0	大家好。今天这期节目，我来拆解一下今天上午到目前为止市场上涨幅最大的股票，带大家看看我做的交易，以及随着时间推移我在看的观察清单。我们切到屏幕共享，开始拆解。先看周五盘后时段涨幅最大的股票，因为它们一直延续到了周一早上的盘前。GRML 和 GLND，两家都是格陵兰公司：GLND 是格陵兰能源，GRML 是格陵兰矿业。周五有一个催化，白宫发出一条
41	关于格陵兰的消息，这让这两只股票都在盘后时段被拉升。所以我把它们放进了周日上传的观察清单，就是因为周五盘后时段的那些行情。在 GLND 和 GRML 这两只里，我对 GRML 更感兴趣一点，因为它的流通股要少得多，只有 GLND 的五分之一左右。
71	GLND 流通股 2,500 万股，不算离谱，但在我通常能做好的范围里属于偏高的。如你所见，它涨了 150%，成交量 5,800 万股。这意味着就总流通股而言，现在的成交量是流通股的 2 倍多一点，所有股份基本换手了两次。而 GRML 所有股份换手了 10 次。到今天收盘时，两只的涨幅差不多，都是 150%。但我确实觉得 GRML 更好做一些，因为你看 GLND，虽然盘后
111	和盘前有一波大涨，但它凌晨 4 点冲上去，那就是最高点，之后基本一直横盘。而 GRML 在周五盘后走得慢一些，盘前冲高，然后回落，然后又反弹上来。就在那里，我们吃到了一段不错的波动，从 4.50 美元涨到 8 美元一股。好，那是一波非常漂亮的行情。
139	现在整个市场的领涨股是 GLNDW，也就是认股权证。像苹果、英伟达这样的高价股有期权链，你可以买一份期权合约，在未来某个日期之前以特定价格买入股票。但小盘股没有期权合约，不过它们有时会有认股权证。认股权证是一种期权合约，赋予你在以后买入股票的权利。所以 GLNDW 认股权证赋予你以 5 美元一股买入股票的权利。现在你要为这个未来以 5 美元买入的
179	权利支付每股 76 美分。实际上，大多数人并不会真的行使这份合约。所以和期权类似，如果股票波动很大，认股权证的价值就会上升。如果股票突然涨到 10 美元一股，那么以 5 美元买入的认股权证现在至少值每股 5 美元，外加一点溢价。
208	这就是它们在动的原因。但一般来说，我不做认股权证，因为我觉得它们流动性不够，进出不够方便。它们是衍生品，所以通常直接交易真正在动的标的资产、也就是股票本身，比交易衍生品更合理，除非你买不起正股。但 GLND 并不贵，只有 2.83 美元，所以很容易买得起。这不像交易特斯拉时选择期权——期权价格之间价差很大、期权便宜得多——这里两者现实中差得并不远。好，这就是我们的领涨股：GLND 认股权证，GLND 和
248	GRML 是普通股里的领涨股。然后是 VEEE，这只股票八月发布了合并催化，然后暴涨，走出了一波不可思议的行情，两天内从 4 美元一股一路涨到 48 美元。它回调，推到 56 美元，然后猛烈地掉头往下，那里反弹一点，那里反弹一点，然后走得更低。
273	嗯，今天它又开始反弹了。我在观察清单里说过我对它有点谨慎，我不确定它真能成。它在周五的盘后涨幅榜扫描器上。所以盘前它回落，然后突然在这里——没什么特别的原因——从 10.50 美元拉升到 14 美元。回到双顶，推过去到 15 美元。然后它下探，一路跌回来，如你所见到了大约 12 美元，然后反弹到 15 美元以上，然后又回到 14 美元以下，然后又回到 15 美元，现在此刻正在 16.32 美元上涨停牌。
312	哇。这只让我觉得有意思的是，其中一些突破，包括就在这里的这次，发生在 MACD 为负的时候，这是一个有意思的背离。通常我最好的交易都是在 MACD 为正的时候，而当 MACD 为负时，我会保持警惕，不去做，因为有假突破的风险。但尽管如此，它还是推得更高了。所以这很有意思。我相信有交易者在关注它。事实上，现在 Warrior Trading 的小盘股聊天室里，我们的版主之一 John 正在直播。他是我们第一位版主，也是 Warrior Trading 第一位获得百万美元
350	徽章的会员。那是好几年前的事了，现在我下线后由他直播。我大约从早上 7 点到 9:30 做盘前交易，然后 John 接手，在当天剩下的时间里主持直播，时开时关。他不会一直播到下午 4 点，而是播一会儿、下线，等有行情时再上线。所以毫无疑问，他大概正在带大家看 VEEE 的这段价格走势。好。总之，不做它，我想是把钱留在了桌上，但没关系。每天你都在做两件事之一：要么吐回利润，要么把一些钱留在桌上。我宁愿把一点钱留在桌上，同时知道自己今天带着利润离场，
389	1 万美元，10,391.36 美元，这是扎实的一天。所以这就是我今天收尾的地方。我所有的交易都在 GRML 上。我们把 GRML 调回来。好，现在开始拆解今天上午的交易。GRML 今天上午，当然先是盘后那一大波，延续到凌晨 4 点，回落，然后正好在早上 7 点，它开始在这里反弹。当它在早上 7 点反弹时，我的直觉是不太确定它会走得多好。盘前有这根大 K 线，
427	最高到了大约 6.50 美元左右。所以我就是不完全确定。它开始反弹到 5 美元，然后 5.20、5.30、5.40 美元。我看到略低于 5.50 美元处有个卖单，我想：不行，那是个挺大的卖家，我不确定能不能成，大概就不碰了。然而，果然它最后突破了那个卖家。当它突破那个价位时，我想：“好，这里有东西可以做了，我冲进去。”所以我在它突破 5.50 美元时冲了进去，我们等到了这波拉升到 5.75、5.80 美元。
466	那是我在那里的第一笔交易，10,000 股，非常快速地进出，锁定了 982 美元的利润，也就是 10,000 股每股 9.8 美分。不是本垒打，但是一个安打，让我转绿了。然后它又回调，又上来，又上来，就在这里拉升，我们突破 5.80 美元，我就在那里重新进场，博它拉到 6 美元。它涨到 6.18 美元，然后又回调。注意就在这里我们遇到了这次假突破：冲高、回调、冲高，然后下砸。它下探，然后就在这里又拉回来，那笔我没做。
505	它推到 6.40 美元的高点，回调，涨到 6.56 美元，出现一次假突破，下跌。就在这里它反弹时，我就在那里 6.55 美元冲进去，我们等到了这波拉升到 7 美元。我这么做是因为它在回测之前那次假突破的位置。所以我在那里冲进去，每股赚了大约 50 美分，这笔赚了 5,000 美元。然后它回调，那时我赚了 6,000 美元。
532	然后它就在这里回调，又在这里上来。我加仓博它拉升到 8 美元，我们等到了这波到 8 美元、一路到 8.20 美元的拉升，那笔我又赚了大约 5,000 美元。这让我到了现在的位置：10,391.36 美元。就这样了。我没有过度交易，没有赖着不走。那是我最后一笔交易，就在那里。之后这整个区域我都没再进场。它回调了，又冲回来了，也许还会走高，但我对今天的结果很满意。这是冷市日目标的两倍，冷市日目标是每天 5,000 美元。
564	热市日目标是 1 万美元。所以离热市目标还差一点，但仍然是扎实的一天。现在 VEEE 从停牌中恢复，又往上推了一点，看到这个很好：从 14 美元涨到 18 美元一股，你没法抱怨，你会喜欢看到这样的行情。我唯一要说的是，如果你看 Level 2——这也是我最初的感觉——价差变大了。如你所见，它刚碰到停牌价位就下探了。所以你交易时价差更大，成交量也相对更小，这意味着如果我以为我能买 10 万股、赚
602	40 万美元，我是说，那会是一笔惊人的交易，但我不认为我能成交多少股而不吃到相当大的滑点，因为价格更高、价差更大、成交量又小。价差大是成交量小和流通股低的结果，这在一定程度上还可以，但一旦到了这个程度，就变得相当有风险了。所以再说一遍，事后诸葛亮：我本可以、本来会、本应该下单然后大赚一笔。但有很多次，我冲进这种交投更清淡的股票，用了太大的仓位，
640	也许买入很容易，因为有一个隐藏的卖家，上面有个卖家在卖 5 万股，所以你买入能成交。但当你转身要卖时，并没有一个 5 万股的买家，突然间它一路砸下来，你就被打爆了，每股跌 2 美元。这类股票可能发生的现实就是这样：它能涨 5 美元一股，也能轻易跌回 5 美元一股。所以你必须管理好这些股票的风险，有时这意味着坐在场边，看着它在没有你的情况下上涨。这虽然痛苦，但忍着 FOMO 的痛苦，远不如屈服于 FOMO、承受一笔本可避免的亏损那么痛苦。
678	好，我想提醒大家，Warrior Trading 现在有两周试用。John 正在直播，聊天室开着，你们可以进来看看市场上什么在动。你可以用这里的这些扫描器来看图、扫描、看突发新闻推送，这些在两周试用期间都包含在内。两周 20 美元，你会收获很多，所以去看看吧。链接置顶在评论区，你可以去 warriortrading.com/getstarted。所以你会在评论区看到置顶链接，去那里开始你的两周试用。我明天早上
717	7 点会直播，所以过来看看吧。但我也照例提醒大家，交易有风险，我的结果并不典型，无论你自学还是跟我学，都不保证你会成功。所以请管理好风险，在投入真金白银之前，一定先在模拟盘里练习。好，我们明天早上见。
