0	大家好。今天是周二早上，此刻有一只仙股正在拉升，涨了 200% 以上，还在继续走高。这是一只发布了新闻的中国股票，所以不是没有新闻的中国股票，它确实有一条标题，随即开始拉升。到开盘铃响时，成交量已经超过 1.2 亿股。哇，成交量巨大。这意味着有这么大的流动性，买入 10 万、20 万、30 万股的仓位都很容易。而问题在于，持有 10 万股的仓位，每 1 美分就是 1,000 美元。
40	这意味着如果你在一家零佣金券商，毫无疑问会有人买卖 10 万股，就为了赚 1 美分的利润。也就是说，它一冲高 1 美分，就有人愿意卖。结果这只股票就变得交投非常厚重。但它还有另一个问题。我们切到白板上：问题在于，这只股票昨天收盘价低于 75 美分一股，这意味着在常规交易时段，停牌带宽是每 15 美分一档。
71	而前一天收盘价在 75 美分到 3 美元之间的股票，停牌带宽是 20%；3 美元以上的股票，停牌带宽是 10%。我们举个例子。假设有一只股票 2 美元一股，涨了 100% 以上，昨天收盘低于 75 美分一股。那上涨停牌的带宽是多少？是 2.15 美元。如果它在 5 分钟内涨到 2.15 美元，就会上涨停牌。
98	那如果另一只股票也是 2 美元一股，但昨天收盘高于 75 美分呢？好，停牌带宽是 20%，意味着它要涨到 2.40 美元才会停牌。又或者一只股票昨天是 3 美元，跌回到 2 美元，那停牌带宽就是 10%，也就是 2.20 美元。这是一个很好笑的制度，因为它是基于前一天的收盘价。所以你可能会有三只价格完全一样、停牌带宽却各不相同的股票。好消息是，如果你用的是 Warrior Trading 模拟盘，或者用一些
136	更高级的券商，你其实能看到停牌带宽。我们调出一只股票，比如 GRML。哦，这只正在停牌，纯属巧合。我们调出 Decoy。Decoy，我看看，哎呀，我把它调出来。Decoy 现在的停牌带宽——我稍微往下拉一点——在 6.49 美元。所以停牌带宽是上方 6.49、下方 4.43 美元。我们看 Decoy，这是我今天赚得最多的股票。你可以看到它此刻正在反弹，涨了 130%。这是一家美国公司，一只生物科技股，
173	开盘时走出了一波漂亮的行情。如你所见，前一天收盘价在 75 美分到 3 美元之间，这意味着停牌带宽是 20%。但那是比过去 5 分钟的平均价高 20%，因为价格显然在波动，所以停牌带宽也在波动。现在停牌带宽上移到了 6.64 美元，但我能看到它会在哪里停牌。用 Warrior Trading 模拟盘的朋友也能看到同样的数据。好，我们来拆解今天的交易。我会带大家看看我今天早上坐下来时基本在看的观察清单。
212	这是模拟盘上的 Decoy，你可以看到停牌价位就在下面那里，你只需要稍微调整一下图表。我把这个取消掉。现在在 Warrior Trading 模拟盘里它已经到了 6.74 美元。好。今天早上我刚坐下来时，有一些低价股在上涨，还有昨天那只格陵兰矿业股 GRML。这只股票现在是延续行情的第三天：行情从周五盘后开始，延续到周一，又延续到周二。一般来说，我发现成交量会随着天数推移而下降。所以如果我们看这只股票的
251	成交量分布：这是周五盘后那波，成交量小，但这不意外，因为是周五盘后。昨天成交量大幅增加，然后随着时间推移减少。再看今天，今天的成交量明显更低，而价格却在走高。所以出现了背离：成交量下降，价格上涨。从 13 美元涨到接近 16 美元一股，很惊人，我们喜欢看到这种行情。但我们也必须认识到，在这个价格区间，它的价差比之前更大、流动性比之前更少。这意味着如果你昨天能用 2 万股
290	进出而几乎没有滑点，今天你就做不到同样的事了。事实上，如果你试着交易 4 万、5 万股，你可能会在这只股票上吃到很大的滑点，可能每股 1 美元，取决于如果你下的是可立即成交的订单，做市商想怎么“坑”你的单子。现在它正在接近日线的 200 均线。如你所见，在上面那里，如果我们输入 GRML，显示的复牌价是 5.87 美元。所以它在 5.87 美元停牌，现在显示的复牌报价是完全相同的价格。通常上涨停牌时，我们预期股票会跳空高开并延续。所以当它
329	显示完全相同的复牌价时，这告诉我们的是：现在在 5.87 美元其实有一个卖家，没有足够的买家能把价格哪怕推高 1 美分。所以这可能是一个警示信号，预示复牌时可能反转，甚至有转向下跌、下跌停牌的风险，那会非常让人泄气。但我想我们必须承认，GRML 已经从 2 美元一股一路涨到这里，涨了接近 500%，只用了三天。所以它是在好几天里的延续行情。还有像 LHSW 这样的，今天早上见了顶，
369	现在其实在这里小幅回调。这只从下面那里的低点一路涨了大约 260%，在 1.58 美元见顶，走出了一波不错的行情。所以我今天早上看的第一只股票是 GRML。我注意到它了，但我觉得第三天的延续行情大概风险太大。你可以看到那里的复牌，看它怎么往回跌的。下跌停牌价位在 4.18 美元，上涨停牌现在是 17.33 美元。哦，现在已经跌到下跌停牌价位 4.18 美元了。所以你能看到那种波动，而那是一个警示信号。如果你欣赏这类
408	观察，我刚才做的，就是把我在市场上多年积累的 25 年直觉，把我在那里看到的信号，转换成你能听懂的大白话。作为新手，要捕捉到这些细微的信号非常难，这意味着你在市场上的时间越长，作为交易者你就会有越多的优势。我喜欢和 Warrior Trading 的会员分享这些。现在 John——我第一位赚到 100 万美元、获得百万美元徽章的学生——正在
446	直播、提供市场评论。因为他和我做的是同一套策略，毫无疑问他已经讲过我刚才和你们分享的内容：因为复牌价持平，有下跌停牌的风险。所以如果你想看看成为我们社区一员是什么感觉，一定去看看两周试用。试用期间，你不仅能收听我的直播和 John 主持的导师课，还能用我每天在用的同一套软件。好。所以对 GRML，我说：“不行，我对它有兴趣，但我就是不知道能不能信任它。”
481	那么今天早上扫描器上冒出来的下一只股票，往回拉到这里，是 NCT。NCT 非常有意思，因为它涨得非常快。如你所见，它从 6 美元涨到 14 美元，然后又跌回 6 美元。它是一家香港公司，符合中国股票冲高的特征，最近刚做过反向拆股。它刚冲上来时，我觉得显然风险很高，但无论如何它很有意思。它冲高、回调，微回调，往上推，
510	我没做。又一个微回调，我就在那里 11.93 美元冲进去，它冲到 14.50 美元一股的高点。我一度浮盈 2 个点，但我没卖，它就在这里一路砸下来，我最后亏着卖了。然后它就在这里下探，我在下面这里的支撑位买入，博它弯回上去。我在这里卖出离场，最后在 NCT 上赚了 700 美元。所以是先小亏一笔，然后在开盘时赚回来。NCT 胜率 50%，两笔交易，平均盈利只比平均
548	亏损大一丁点，所以我在这只股票上是赚的。这就是第一笔、前两笔交易，都在 7:31 之前完成。然后片刻之后，扫描器上出现了什么？Decoy。我们看到它就在这里、7.32 美元时出现在扫描器上，相对成交量 20 倍，总成交量小。我点开它，看到它是一家美国生物科技公司。我想：好，有意思。它的标题里包括“非稀释性融资”，意思是他们找到了一种不稀释股东价值的融资方式，这是好事。我看日线图：最近没有大阴线，离 200 均线还有空间，我喜欢这点；流通股挺低，我也喜欢。
585	所以我把图调出来，找入场点。我们把它放大到这波行情的最开头，就在这里。你可以看到它一开始就直接拉升到 4.90 美元的高点，拉升、下探。我买回调，吃到冲高。又一次下探，我就在这里又吃到一次冲高，锁定了一些利润。因为成交量偏小，所以仓位较小。然后它在这里回调，跌到 VWAP 以下。所以现在我不确定还会不会有更多行情。它一路回到这里。但我在 1 分钟图上观察到一个头肩形态的雏形：头，然后肩膀又上来。那笔我没
624	做，我就是不确定它能成，因为它回调得太多了。我画了这条上升支撑线，如你所见就在这里，显示这个区域有支撑。它涨到 5.18 美元，回调。我就在这里做了一笔，马上就会看到，就在上面这里。它不太对劲，上来、被打回、跌回来，再试一次，失败。这条上升支撑线被跌破后变成了阻力，这里是阻力。
655	现在它仍然是阻力，但价格已经远在它下方。当它临近开盘又弯上来时，我就是不再信任它，不再做了。所以我最后几笔交易其实是在这里这个区域，希望它能脱离，但就是没能做到。它变得相当厚重，很可惜。尽管如此，我在 Decoy 上用相对较小的仓位锁定了将近 1 万美元的利润：破冰、进场、转绿、出场。
680	如你所见，现在出现了一点“折刀”走势：冲高、下跌、恢复，然后它会走吗？也许。会一路砸下来吗？在这里交易非常难。事实上，我们在 Decoy 上看到了很多大卖单，这确实让我有点紧张。但成交量分布很扎实，买入成交量多于卖出成交量。那么到了某个时点，空头会放弃吗？他们现在看起来相当强势，因为每次它一冲高，就会出现长上影线然后跌回来。所以我放弃了 Decoy，我说够了。然后我转到了 LHSW。
715	它就在这里走出了几个非常漂亮的形态：漂亮的回调，漂亮的回调。第一个我错过了，第二个我做了，赚了大约 2,900 美元。所以今天以 13,542.73 美元收尾，我会说相当不错，我是揣着钱离场的。当然，因为开盘时没在 Decoy 上交易、也没碰 GRML，我可能把一点钱留在了桌上。但我觉得 GRML，现实地说，如果我在开盘时做了，大概会亏钱。
747	Decoy 嘛，很难说。事后诸葛亮，你回头看总会说“我本可以大赚一笔”，但我告诉你，我做过这样的行情，结果还是亏了。所以我会心怀感恩，带着比今天开始时、3 个小时前多一点的利润离开。这就是稳定性：每天到场、转绿、离场。如果是红日，就尊重我的最大亏损，在它变成一个不必要的大红日之前离开。我永远不想在一天里亏掉比一个好日子能赚的更多。所以现在，这周的绿日平均在 1 万美元左右：昨天 1 万，今天 1.3 万。看看上周的收益，
784	我赚了 7.8 万美元。所以上周是相当扎实的一周，每天 1.5 万。所以目前，如果过去 7 天我平均每天赚 1.2 万到 1.3 万美元，我就只想确保在红日里亏的不超过这个数，不想亏掉比下一个好日子能赚的更多。这大概就是我的态度，因为如果我亏 5,000、1 万美元，我一天就能赚回来，就成了过眼云烟，我不必为此紧张或沮丧，这真的无所谓。但如果我亏了 100 万美元，那就不一样了，因为那远远超过我一个好日子能赚的。那样我就
822	得想：天哪，我刚亏了 100 万美元，我得花多少个月非常专注、稳扎稳打地交易才能赚回来？可以做到，我以前有过大回撤，也赚回来了。可以做到，但那会变成一场心理战，如果能避免，我宁愿不去面对。所以保持冷静、沉着、镇定，当值得的时候、当一只股票值得的时候，用更大的仓位站上本垒板。
852	LHSW 我用了 6 万股，流动性很好，进出都没问题，它现在的成交量是 1.63 亿股。Decoy 和 NCT 的仓位较小，我认为这是合适的。好，提醒大家去看看两周试用，链接置顶在评论区，也在说明栏里。我也照例提醒大家，我的结果并不典型，无论你跟我学还是自学，都不保证你会成功。所以请管理好风险，在投入真金白银之前，一定先在模拟盘里练习。好，我们明天一大早 7 点直播见。
