1	大家好，欢迎来到小账户挑战第 41 天。这个挑战是用嘉信理财（Charles Schwab）做券商，把一个 2,000 美元的账户做大。今天是我在移动指挥中心里交易的第三天：一辆四驱 Sprinter 房车，车顶装了 Starlink 和太阳能板，电池组就在这张长凳底下，多块显示器就挂在床底下，这样我早上可以坐着工作。今天交易了几个小时，在两只不同的股票上各拿下一个“安打”，账户又往前推进了一点。提醒一下，这些小账户挑战的全部利润都会捐给慈善机构，而你们每点一个赞，我
39	就额外多捐 1 美元。我们现在已经募集了超过 49.8 万美元，捐给了全国 50 多家儿童医院，包括波多黎各、华盛顿特区和关岛的儿童医院。下一个是维尔京群岛，就在今天。好，第 41 天。今天早上坐下来时，我有点失望，扫描器上的情况不太好。
65	YGH 是我们的领涨股，涨了 92%，但非常拥挤，交投厚重，也就是说买盘和卖盘都堆得很厚，交易者们争的连每股一美分都不到，我在这种环境里通常做得不好，所以不感兴趣。DAIC 我昨天也做过，所以最后我专注在它上面。它是我们第二名的领涨股，你可以看到就在这里。早上 7 点刚过，它出现在我的“正在拉升”扫描里，显示它在往上冲。这只股票的一个风险因素是，公司宣布收到了退市通知，并已提交申诉意向。不过我们还没听到
104	申诉结果。如果申诉失败，它可能会被退市，这有点吓人。所以这不是我真想持有的股票，但做几笔快速的安打我还是可以接受的，因为它相当符合我的选股五要素：涨幅超过 10%，相对成交量超过 5 倍，没有新的新闻催化，但价格合适，流通股不到 2,000 万股。所以它满足五要素中的四条。今天早上的情况基本是这样：这里是盘前，这里是前一天盘后，盘后有过这一波上涨。
136	盘前，它在那些价位稍下方徘徊。我想如果它能重新站上盘前高点，下一个目标就是盘后的这些价位。结果我们正好等到了那波拉升。所以就在这里，随着动能和成交量逐渐起来，我在它突破 6.19 美元这个枢轴位时做了一笔。我冲进去，很快又出来了。它并没有像我希望的那样变成一笔大赚，但尽管如此，还是赚了。我原本希望它能突破 7 美元，像真正的日线延续那样继续涨向 7.50 和 8 美元，但它就是
175	做不到。所以进出一趟赚了 1,700 美元。不错，一个安打。这笔交易没有我希望的那么顺利，但也没什么好抱怨的。这笔交易让账户从大约 9.5 万美元涨到了 9.7 万美元。然后，大约早上 7:41，扫描器报警：CRA，一家香港公司，发布标题称客户数创下 550 家的纪录。我对这家公司不太熟，但它和昨天的 Archon 非常相似。它在这里猛拉，从涨 15%、20%，到 50%、70%，一路狂飙。成交量
215	迅速放大，起步时很低，但相对成交量很高。所以按我的选股五要素，它其实五条全中：涨幅够，相对成交量好，有新闻催化，价格和流通股都合适。然而，和 Archon 一样，它基本上只走了一大波，之后再也没能回到那波的高点，一根根长上影线。这只股票我在小账户里做了，而且锁定了利润——你马上会看到——在 CRA 上又赚了 1,700 美元，但我的大账户是亏的。所以我
254	给你们看看两边的盈亏对比。这是我的主交易账户，就是我做了很多年的那个账户，最初只有不到 600 美元的小额余额，一路做起来的。在这个账户里，这只股票最后和 Archon 非常像，我记得昨天在 Archon 上是亏的，我知道昨天主账户也是亏的。我就是一直在这笔交易上手忙脚乱：进场太高，在下面这些回调中被止损出局，没有真正信任它。所以等它涨到这里、再到这里时，我就想：“对，我要下单。”然后它没能脱离，只是冲一下就停滞，
292	然后掉头往下。所以今天我的大账户亏了 1.5 万美元，在 CRA 上亏了 1.8 万，但 VCIG 是赚的。你会注意到 VCIG 我没在小账户里做。在这两笔交易之后，而且两笔都不算特别顺利，我说：“你知道吗？降低风险吧。我不想在小账户里犯错，所以我不再做了。”但 VCIG 在我的主账户里，就在这里先冲了一下，我冲进去又出来，赚了大约 2,000 美元，然后它又涨回来，我重新进场，在那里出场，
330	又赚了一笔，但一共只在它上面赚了 3,100 美元，不算大赚。现在它在下跌、往回走。感觉今天的动能比昨天弱了不少，没什么特别的原因，碰巧就是这样。所以接下来周四、周五临近周末的计划是：小账户这周表现不错，连续 3 个绿日；主账户有点拖后腿，我现在需要让主账户追上来一点，这样理想情况下，这周至少能
368	大致持平。当然，只要一笔好交易就能做到。所以目前，明天我大概会主要专注于主账户，小账户放在次要位置。不过我已经非常接近 10 万美元了，所以也可能再来一笔好交易，砰，我就超过 10 万美元了，那会很激动人心。但另一方面，如果市场继续偏软，可能需要更长时间。所以我们看看明天早上的情况吧。和往常一样，如果你想试用两周，你可以用到我在这里用的同样的扫描器和新闻、图表平台，
407	你也可以在我交易时从我肩后观看。你会看到起，也会看到落：大绿日、大红日，有时也会像今天这样，一个账户赚、另一个账户亏。希望你们去看看。我也照例提醒大家，交易有风险，我的结果并不典型，无论你跟我学还是自学，都不保证你会成功。所以管理风险最好的办法，是在投入真金白银之前先在模拟盘里练习。好，明天早上 7 点……我们再见。
