1	大家好。今天这期节目，我来拆解一下今天上午的交易。昨天的复盘里，我讲了小盘股市场正在发生的一种转变：六月、七月和八月初非常热，然后我们开始看到一些“震颤”，几只股票出现了巨大的被打回；到了八月最后两周，行情真的冷了不少。而九月开头也没什么不同，继续偏冷。不过看看整体市场很重要，因为就标普 500 而言，我们并不处于熊市，差得远。
39	市场从高点回落了一点，但不多。USO，美国石油基金，油价在上涨。所以这里确实有一点动态：显然全球事件在影响油价，这也会向下传导到很多小盘公司，毫无疑问，那些对运输成本之类有敞口的公司会受影响。但我想说，我们现在在小盘股里经历的这段冷期，更多是因为缺少高质量的催化。而且八月有一段时间，
77	很多股票在完全没有新闻、没有催化的情况下大幅异动。显然这种情况只能持续一段时间，之后空头就开始变得激进，越来越早地做空，把这些股票打下来。现在我们已经到了这种地步：股票几乎还没怎么冲高，空头就已经进场了。所以今天我们的头号跳空股是 SGLD，一家加拿大黄金公司。
106	它盘后大幅冲高，然后又跌回来了，所以没做。它的流通股也偏高。第二名的跳空股是 LHAI，一家房地产公司。但等等，他们要通过一家子公司进军 AI 算力。高明，在这个市场里是聪明之举，我想 AI 就是当下最热的东西。它今天涨了 52%，但交投非常厚重，所以动得比较慢。涨幅百分比高是因为它是低价股，但这里其实没什么可做的，所以我完全没做。
141	然后是 PBBT，涨 42%，成交量 3,500 万股；VIVK 上涨，成交量 4,000 万股。所以今天的主线是低价股，而且没有一只真正大幅脱离盘整。顺便说一下，昨天的复盘里我好像没有明确说，昨天是没有交易的一天。我在复盘结尾才意识到没给你们看盈亏，其实就是没有交易。
169	今天是红日。但我心情并不特别差，因为今天是我所说的“成功的红日”。我在 PBBT 上做了几笔。我觉得它开始脱离了，它也确实脱离了。我在它突破 3 美元时加仓，结果从盈利变回了亏损。事已至此。你知道，我站上了本垒板，因为终于有一只股票在那时动得很快。它是我们的领涨股，那是就在这里突破盘前高点的时候。
202	它早些时候冲过一次，然后回调，那里我没做。但当它在这里弯上来、突破 2.33 美元时——我画了这条线，是稍早这里这个价位的高点——然后我在等它突破 2.46 美元，两个突破我们都等到了。那时我想：“好，这只股票现在突破了高点，没有形成双顶。”因为我们见过很多这样的行情：股票冲高、回调、做个双顶，然后掉头往下。而这只真的突破了高点，一路涨到 3 美元。
233	天哪，我以为它会突破 3 美元，然后涨向 3.25、3.50 美元。现在看 PBBT 的日线图——我们先退一步。PBBT 是一只生物科技股，今天早些时候发了新闻，说实话我觉得这条新闻没那么好，是美国专利获准、加强了对这款药物的保护。还有一只股票早些时候也发了新闻，按理说看起来强得多——CAF，我们待会儿讲那只。我现在想不起是哪只了，总之有一只
271	按理说新闻更好，却表现得一点都不好。JH，还是 JL，JHL，中国公司，没有新闻。CF 这只……哦，就是它。他们发布了三期临床试验结果，这只股票冲高，然后一小时后他们就发布了二次增发的消息。难以置信。我是说，这只股票简直就是条“狗”（烂股）。每次它一冲高——我爱狗，但作为股票，不，你不会指望一条狗是好的上市公司，它们活不了
311	那么久，这就是问题。总之，你看到这一根根阴线，一直跌、一直跌。我是说，这家公司就是这样，大家都知道它会这样。所以我一秒钟都没信任它。我看到了利好消息，但我也调出了 CF，然后说：“等一下，上一次 Shelf 注册是什么时候？3 天前。承销商是谁？”我们查了承销商，是 H.C. Wainwright。看到这些我就想：“不，不碰。”所以我没碰。但 PBBT 这只我查了。
341	他们确实有 Shelf 注册，很多这类公司都有，但他们的是五月份的。我觉得还好，这里没有很大的风险。总之，我们等到了这波非常漂亮的拉升，但它就是守不住。所以我在这个区间里交易，结果把大约 1 万美元的利润做成了 5,000 美元的亏损。它在脱离时我把仓位加得有点重。我真的在想：“来了，终于有东西可做了。”我采取的有点像是这种方法：一直坐着等，然后当
381	我看到有冲击力的东西时出手。但这只，你知道，挥棒落空了。我本可以拿下那个小安打就收工，但我有点逼得太紧，想做第二笔、博它突破 3 美元。如你所见，它碰到 3 美元，被打回，就这样了。但你知道吗？就像我说的，这是一个成功的红日，因为就到此为止了。我停手了。我没有陷入恶性循环，没有去做第二、三、四、五笔，最后发现自己亏了 1.5 万、2 万、3 万、4 万、5 万、7.5 万、10 万、15 万美元。
413	八月我有过几个非常大的红日。我昨天说过的一件事是：如果我把每个红日都限制在一个更温和的亏损，比如 1.5 万或 2 万美元，这个月会好 50%，我会多赚 50% 的钱，只要我在红日里早点停手。所以这就是我在一个红日里早点停手。我亏了 5,000 美元，明天一笔好交易就能轻松赚回来，明天一笔像样的交易就行。你知道，我今年的好日子大概在 2 万美元的水平。嗯，我的日均收益是 2 万美元。所以我想我们其实可以更仔细地看看我的平均绿日是多少，
451	因为那是另一个统计数据。我的日均收益把赚的日子和亏的日子都算进去了，而平均绿日当然只算绿日的平均。然后我们还可以看平均红日。我们很快调出来看看。我把 TraderVue 的交易统计在旁边打开，然后共享到屏幕上。我今天复盘也做得早一点，因为我不想一直盯着图表。我不想产生 FOMO：“哦不，刚止损出局两秒钟，BIAF 就涨起来了，该死，也许我应该……”说实话，我现在看着
488	这个，心里有一部分想在 8 美元冲进去，博它突破昨天那里的枢轴位和高点，吃一波涨向 9 美元的漂亮拉升。因为在那一刻，你看到它，就会想：“哦，我以前见过这种形态效果很好，天哪，我现在真需要一笔 5,000 美元的盈利，那该多好。”然后不知不觉，你就说服自己去做了一笔——嗯，大概不是好主意的交易。然后突然间，你的亏损翻倍了，你从亏多少变成亏 5,000 到 1 万甚至更多。好。这是我今年的交易统计。这是我的 Roth IRA……哦，不，不是这个。我们
526	看看今年、年初至今。在这里。那是去年的。所以是的，今年我赚的大约是去年的三分之一。但别担心，我们还有四个月，应该能把它推到 300 万、350 万，也许更高，我们走着瞧。它仍然会低于去年，但去年是特别出色的一年。总之……哦，详细数据。平均绿日是 1.5 万美元。好，我现在的平均绿日是 1.5 万美元。而平均……平均绿日是 2.1 万美元。
563	平均红日是 2.1 万美元。是不是很有意思？它们几乎完全一样。所以你可能会想：天哪，那你今年怎么还能是赚的？你的绿日和红日一样大。那是因为我一共有 120 个盈利日，只有 20 个亏损日，就是这样。再看看去年，作为对比：去年我只有 15 个亏损日，220 个盈利日。盈利日平均 3.1 万美元，但亏损日也大约 2.8 万美元，所以它们相当接近。好吧，所以我
602	想这就是我：盈利日和亏损日最后差不多大。我之前其实都没怎么看这个。事情就是这样。但如我们所知，上个月在这方面没那么好：单看上个月，盈利日平均 2.6 万美元，亏损日平均 3.8 万美元，这不好。所以看看这个月我能不能扭转过来。我会努力以身作则，给你们看看成功的红日是什么样子，以及不要赖着不走。我是这么说，
641	但这很难，真的很难。有些日子要走开非常困难。但今天不知为什么，感觉容易一些，也许是因为这笔亏损比我最近的其他几笔亏损好承受得多。所以这就是我今天的收尾，但我明天一早就会回来。提醒一下 Warrior Trading 的新朋友们，我们现在在做劳动节促销。如果你还没看过，可以加入 Warrior Starter 或 Warrior Pro 会员，用上劳动节促销的优惠码，然后你就可以待在社区里，看看每天真正在市场里交易是什么样子。你会看到
679	好的，也会看到坏的，我把一切都摆在桌面上。所以谢谢大家收看。一如既往提醒大家，交易有风险，我的结果并不典型，无论你跟我学还是自学，都不保证你会成功。所以最好的办法，是在投入真金白银之前总是先在模拟盘里练习。好，我们明天一大早 7 点见。
