0	大家好。今天这期节目，我来拆解一下今天早上市场上的领涨股，带大家看看我在看的形态，并给出我对今天剩余时间的展望。在那之前，我们先回顾一下昨天。昨天是一期红日复盘，触及最大亏损；周五也是一期红日复盘。所以这两天里，周五我亏了大约 1 万美元（四舍五入），昨天亏了 3 万。所以两天里我处在 4 万美元的回撤中，这看起来是个大数字，听起来也是个大数字。
34	这么多钱能买好多辆二手斯巴鲁，我心里清楚。但同时，保持全局观很重要。今年我有过深得多的回撤、大得多的亏损。我是这样看待这件事的：回撤只是一种症状，说明有事情发生了。无非两种情况。第一种是市场变了：你亏钱，是因为你最拿手的策略在当前市场里表现没那么好了。这是外部的。所以有一个外部变量，也就是整体市场的状况，它变了，于是你的拿手
73	策略不再像以前那样好用。这是第一种情况。第二种情况是内部变量：市场没问题，但我自己失去了重心。我情绪化，我屈服于 FOMO，我在行情顶部买入，在 K 线下影线的最低处卖出，我就是不在状态。市场可能极其强势，但我自己在搞砸，在亏钱。不幸的是，有时候这两种情况会同时发生。我想这就是我最近这轮回撤里发生的事。是的，市场冷下来了，周五是冷的，我周一进场，周一也是冷的。但随着我开始亏钱，我的情绪也受损了，
113	我开始犯倔，越亏越深时反而用越来越大的仓位交易。所以你可以想象，如果你开始亏钱然后加倍下注，你就会亏得越来越多、越来越多。开始亏钱时你应该做的是：第一笔亏损出现时，你要想：“喂，醒醒，这是个信号，市场——有什么不对劲。”要么是内部变量，要么是外部变量。所以要降低仓位。仓位更小，你就亏得少一点。然后警示信号变得更强，因为你连着亏了第二笔。也许到那时你会再做一笔，然后说：“好吧，
150	三振出局，我走了，我收工了，我不会赖着不走。”如果我当时能保持清醒这么做，昨天我大概只会亏掉三分之一左右就离场了。但变量一，昨天市场不站在我们这边；变量二，我的情绪、我自己也不站在我这边，因为就在这一刻，我立刻就变得沮丧了，对吧？
179	沮丧、愤怒。所以我没有降低仓位，反而加大了仓位。所以第二笔亏损比第一笔大，第三笔比第二笔和第一笔都大。我就是这样让自己陷入了昨天亏 3 万美元的回撤，现在再加上周五的 1 万，现在是亏 4 万美元。令人失望，毫无疑问。所以今天早上坐下来时，我对自己说：看，显然有一个外部变量，就是市场。市场冷下来了，不祥之兆早就很明显了，整个八月我都能看到
216	它在降温。我在九月推得太猛了，没有回报。所以，这没有任何借口，但亡羊补牢，为时未晚：现在就把脚从油门上松开。所以我说：“市场冷下来了，这意味着我必须更多地专注于在支撑位附近买回调、在更靠近支撑的位置入场，并且在买突破时更谨慎。”在热市里，我显然会买突破，而且做得非常好，但那真的是一种热市策略；而在支撑位买回调更像是一种冷市策略。你在热市里也可以
253	买回调，没有理由不可以，事实上我也会这么做。但在更冷的市场里，你真的不想那么多地去做突破，因为你会看到太多假突破：你看到快速冲高一下。我给你们看看它是什么样子。这就是假突破：一根 K 线上去，又一根 K 线上去。你通常最后会看到，随着价格走高，成交量在下降，所以趋势在衰竭。然后在这里出现回调，是一次急跌，通常伴随更大的成交量，空头急着冲进来。这里又一次下跌，同样是放量。然后你想：我要在这里进场，博第一根创新高的 1 分钟 K 线。那正是我
291	想看到的。你冲进去，这根 K 线冲上来，因为像你一样的交易者在冲进去，然后一波卖单扫下来，价格跌下去，最后你在更大的成交量上遭遇一次剧烈的假突破。这在冷市里非常典型。而线索、暗示这可能发生的迹象，就在这里的成交量分布里：上涨时成交量递减，然后卖出时放量。当然，如果你看到 K 线越来越小，说明趋势在衰竭，有时你还会看到那样一根长上影线，这只说明卖方把它压下来的速度更快了。
330	所以在更冷的市场里，试图买那些突破时要更小心一些，相反要让股票先失败，让它回落，然后如果它开始在下面这里筑底，这就开始成为一个支撑位，可能会弯回上去。但我告诉你，当这里有一根长上影线、这里又有一根长上影线时，很难信任那次弯回上去。所以入场点在下面这里，在支撑确立之后。这就是支撑。
357	所以我进场，止损设 10 到 15 美分。我的止盈目标现实地说，是在上面这里双顶位置止盈，或者在这个价位的双顶止盈。我不指望应该在这里加仓、博它大幅拉升突破当日新高，因为那是热市的做法，而我们现在不在热市里。好，这是今天的盈亏，揭晓一下：零。我赚了零，这意味着我仍处在昨天和周五的回撤中。
384	我在弥补亏损上没有任何进展，但也没有让情况更糟。看看今天的扫描，我们的头号跳空股现在涨了 94%。BKYI，这只我没做。它是一个反头肩形态，我确实提到过这里正在形成这个形态。你有一条下降阻力线，我把这条线和这里这条线连起来。所以这里先是阻力，然后变成支撑，然后在这个价位筑底，从 3 美元涨到 3.35 美元，也就是每股 30 美分左右。现实是这样的：如果行情是 30 美分，你永远抓不住整段行情，我是说，那根本不
422	现实。即使你在下面这里、在支撑位大约 2.90 美元进场，你会神奇地在那根 K 线的顶部把全部仓位卖掉吗？不，你永远做不到。你要么拿得稍微久一点，在它回落时卖出；要么卖得稍微早一点，在上涨中卖出。在这种市场里我大概会卖得太早。所以在一波 30 美分的行情上，也许入场有一点滑点、出场有一点滑点，你大概能抓住一半，每股 15 美分，这大概是最好的情况。而这笔交易的风险大概也有 10 到 15 美分。
454	大概不会吃满 15 美分的亏损，但你永远说不准。所以可惜，这不是一个我会有很大信念的形态，因为有长上影线，有下降阻力。是的，它算是支撑，但价格在这里也在它上下穿来穿去。所以我就是觉得不值得。我也知道，一般来说这些低价股对我来说风险相当大，我可能会在上面犯错。所以上面这里，你有之前的当日高点，在 3.60 美元，就是那里那一小段上推。在这种形态上，你要找的是它能不能守住那个价位。
488	但同样，在这种市场里，我们会担心的是双顶被打回。所以 BKYI 现在涨了 100%。然后是 SSTI，这只是被收购，公司以 8 美元一股被收购了，它现在交易价略高于 8 美元。如果你看一下标题，能看到收购的条款。但通常是这样运作的：收购消息出来，这里在 60 万股的成交量上立刻出现一次尖刺，如果你真的很快，也许能冲进去，但你得非常快。
521	现在它会基本在 8 美元一股横盘交易，因为那就是它的价值。SLND 今天成交量 1.21 亿股，价格是 89 美分，对我来说太便宜了。SNG，5 美元一股，流通股 2,400 万股，有点偏高，是一家加拿大公司，我在加拿大股票上做得不算特别好。MSGY，香港股票，就是周五冲高的那只。然后昨天它大跌，从 8 美元跌到 3 美元，又稍微弯上来一点，这只是从低点的一次反弹，我对它没有兴趣。这有点让我想起 RETO，它走出了那波不可思议的行情，现在是 13 美分一股，
561	但就在前几天，或者说一周前，它两天内从 70 美分左右涨到了 20 美元的高点，难以置信，是一波巨大的行情。我认为这一点值得注意。现在这个市场上很多交易者在谈论基本面，他们说这些公司有 Shelf 注册，这些公司有认股权证，他们会稀释股票，会在市场上卖股融资，股价会下跌。而大多数小盘公司的现实是：
594	大多数小盘公司都有 Shelf 注册，大多数小盘公司都有在公开市场上卖股的风险。它们是低价股，很多都做过一连串的反向拆股，过去都做过二次增发。这并不罕见。我们知道它们的基本面不好，如果基本面好一点，它们也不会这么便宜。这就是现实。然而我们也知道，价格可能会与基本面价值严重脱节。
624	所以如果你只专注于基本面分析，当 GameStop 从 5 美元拉升到 10、15、20 美元一股时，你会怎么做？你会做空它，因为基本面不支持它到 20 美元。那当它涨到 25、30、35、40、45、50 美元时呢？你会加空，因为基本面不支持它到 25 美元，更肯定不支持到 50 美元。然后它涨到 100，然后 150、200、250、300、350、400、450、500 美元一股。顺便说一下，大众汽车的轧空比 GameStop 还要大。大众汽车那次轧空
664	让对冲基金亏损超过 300 亿美元，股价涨到了大约 1,200 美元一股，难以置信。当然，价格最后跌回来了，GameStop 也跌回来了，但这并不意味着在一段时间里，基本面价值和股价之间没有出现巨大的脱节。所以我们对小盘股、特别是对人类行为的了解是：这就是人性，在市场的全部历史里，你回顾所有市场，总是有泡沫。有荷兰郁金香泡沫。我是说，价格可能与基本面价值严重脱节，这并不是什么新
701	现象。所以如果你做多，这些就提供了利用这种波动获利的机会。而如果你要犯倔、只做反向，或者永远悲观，说基本面不支持这个价格，那你就会成为迈克尔·伯里那样的人：总在喊顶，什么都该做空。与此同时，自从房地产市场崩盘以来——他当然在那次泡沫上赚了很多钱——如果他把那些钱全放进标普 500、任其增长，他现在拥有的会比
740	靠一次次喊顶、喊顶、喊顶得到的多得多。所以我不是……是的，你看，我是说，如果你是逆向投资者，那是你天生的思维方式，那不是我的思维方式。我个人寻找动能，寻找机会，顺着趋势的方向去乘那股动能，因为我一直发现这比对抗趋势容易。对抗趋势太令人沮丧了。我觉得有时那些对抗趋势的人，就是喜欢那种终于证明自己是对的、其他人都错了的感觉。你得深入想想为什么会有那种感觉。我是说，你看，我不
778	知道，但“其他人都错了、只有我是对的”这种感觉是很大的自信心增强剂。我认为那种天生就爱唱反调的逆向型人格——说实话，在我看来那是一种很难相处的性格特质。和那样的人在一起，我并不觉得特别愉快。所以在现在这个市场里，我们在小盘股市场上看到了很多这样的逆向者，他们的声音更大了。他们在说：“这些股票全都该做空，这些股票全都是会做二次增发的公司。”你说得对，RETO 也是这样。尽管如此，即使它的
819	基本面不怎么样，它还是从 70 美分一股涨到了 20 美元。JAGX 呢？JAGX 也一样，从 5 美元一股的低点涨到了 60 美元以上。所以如果你真的这么专注于基本面分析，你大概不应该交易小盘股，因为小盘股可能非常不理性。如果你想做基本面投资者，想根据价值买入、或根据真实价值做空，你大概需要专注于大得多的公司，比如特斯拉、英伟达、Netflix 之类
858	的，因为这些小盘股——我是说，反过来也一样：可能有一只小盘股有很好的消息，价格却不涨，这说不通，我也搞不懂。但你不能犯倔，你只能接受。所以我专注于交易技术面。而从技术面看，今天早上——不好意思——真的没有什么看起来很好的东西。我们有 BKYI，就像我说的，我对它不是很有信心。这些领涨股没有一只给我信心。
886	我们有 DCAI……这只早些时候冲高过……DCIA 也许？代码是什么来着？哦，我现在忘了。嗯，DAIC，就是它。看这只，它冲上来，然后完全反转跌回去，现在又稍微反弹上来一点。这些是吓人的走势。这提醒我们，不要冲进第一个冒出来的东西，因为这真的会让我们陷入困境。所以我现在努力保持耐心。
913	我只是在等真正看起来好的东西。你知道，这些都是市场的周期。现在是冷的，我们在等下一个主题。但一旦等到了，一旦我们开始进入状态，我就能加大仓位、重回战场。但现在，我算是让自己坐板凳，我在场边等市场好转，因为如果我现在继续交易，我知道我更可能被情绪劫持，被那个“沮丧”的内部变量左右，这可能导致进一步的亏损。所以我必须降低仓位。如果我用小仓位交易、亏了，亏损就更小，情绪上的冲击也更小。而如果我能用
952	小仓位赚回一些亏损，那很好。但另一方面，如果我们没看到好的行情，我坐在场边真的更好，因为交易的坏处不只是亏钱，还有再次被情绪劫持、陷入恶性循环、越亏越深的风险。你们都见过，当行情扎实时，我要来个大绿日完全没问题。只是现在没有那样的行情。所以我得更有耐心。在行情放缓时把脚从油门上松开，这一点我从来都做得不好，或者说没有我希望的那么好。这是作为交易者我仍在努力改进的地方。但在此期间，我现在松油门的方式，就是让自己坐板凳。顺便说一下，现在
990	John 正在小盘股聊天室直播，带大家看 MSGY 和 BKYI 的价格走势。所以我今天收工了，并不意味着聊天室关了，绝对不是。你现在就可以进聊天室，收听真实的实时市场评论，可以和社区里的其他会员聊天，当然也可以一如既往地继续上课、学课程。所以我鼓励你们去看看两周试用，链接置顶在评论区，也在说明栏里。这样你就可以用这套软件，成为社区的一员，看看做一个动能交易者是什么感觉。我还要说，在冷市里学习并不是坏事，因为它会教会你
1028	纪律。好，我也照例提醒大家，交易有风险，我的结果并不典型，无论你跟我学还是自学，都不保证你会成功。所以请管理好风险，在投入真金白银之前，一定先在模拟盘里练习。
