0	大家好。今天这期节目，我带大家看一次 130% 的轧空。这波行情昨天在盘后时段开始，今天早上延续到盘前，股票继续走高。有意思的是，这只股票是易借券的，也就是说做空它是免费的，不用付借券定位费。我一般发现，当一只股票被列为易借券时，意味着可供卖出的股份多到他们连费用都收不了，所以干脆免费借。而一旦免费借，自然就会有
38	很多空头说：“嗯，我不用付任何定位费，那不如做空看看会怎样。”结果就是这样发生的。因此，随着价格走高，我们通常会看到更多阻力。所以它没法给我们那种非常大、非常干净的抛物线行情，除非空头被困住、被迫回补。这只股票在盘后时段发布了一条合并新闻：两家公司合并，一笔 7.5 亿美元的业务合并。这不是罕见的催化，我们经常看到，尤其在小盘股领域：
77	两家较小的公司合并成一家稍大一点的公司。所以盘后走出了一波非常漂亮的行情，你可以看到就在这里，从大约 2.20 美元一路涨到 4.34 美元，涨了大约 100%。盘前它马上回落，开始有点像在做反头肩形态，但它没能脱离，回调的时间稍长了一点，横盘也稍长了一点。然后大约早上 7 点，它开始在这里台阶式上涨。就是从这时起我开始盯它。它往上拉，穿过 VWAP 成交量加权平均价，到了 3.90 美元的高点，回落，然后拉升到就在那里 4.34 美元的盘前高点，形成双顶。
115	回调、冲高，又砸下来，卖家把它压了下去。然后它又上来，冲破高点，然后卖家又把它拉下来。开盘时它猛拉上去。会不会反转？没有，它又涨高了一点，然后又跌回来，现在有点在走软。所以这里的问题是，每次它碰到阻力，就会遇到一堵卖墙，因为它是易借券的。
142	市面上有大量股份，尽管它的流通股只有 180 万股。做市商或清算公司已经判定这只可以借出。所以通常对我来说，当我看到它是易借券时，我会在心里给这只股票能涨多少设一个想象中的护栏，因为空头通常会压着它。当然也有例外。这只会是例外吗？我不太确定。昨天其实是相当强的一天：FTFT 在开盘时拉升，而且随着时间推移一直走高。所以 FTFT 昨天非常强，我想这大概
180	在市场上点燃了一点 FOMO，大家期待今天开盘时也有某种冲高。不过我没指望 VEA 会这样，因为问题在于：FTFT 昨天盘前总共有——我看看，我把图调出来——在那根 K 线之前，盘前时段总成交量大约是 470 万股，只涨了 6% 左右，涨得不多。然后开盘铃一响，它就暴涨了。而当我看 VEA 时，我看到在盘前时段进入开盘前，成交量就已经超过 3,000 万股了。我
221	觉得，我就是不知道它能不能真正脱离，我觉得它会太拥挤。我看 Level 2 时，它交投非常厚重：买盘堆得很厚，但同样有卖盘堆得一样厚。结果就是，当一只股票交投这么厚重时，它们通常打不开局面，动得不会很快。所以我没做 VEA。事实上，今天我的大账户和小账户都没做任何交易。我就是没……嗯，小账户待会儿再说，但在 VEA 上，我就是没信心。你可以看到它现在其实没有早些时候那么厚重了，这说明了
259	我们在开盘时看到的一种现象：股票从盘前非常厚重变得薄一些，因为做市商在利用止损单和市价单。再看 SUGP，看到它交投多厚重了吗？买盘一大堆，卖盘一大堆。它哪怕涨 15 美分都算是巨大的行情了。它成交量 9,000 万股，却一直在横盘。嗯，今天早上 VEA 看起来也是这样，交投非常厚重。现在开盘时它薄了一点，但可惜还不足以让我有信心去做。FTFT，这只没怎么
298	动，成交量只有 450 万股，但今天早上交易者也在看它，我在想：为什么？因为它昨天涨了一大波。嗯，可这显然是这波行情的后半段，对吧？我是说，它一路涨回这里、再往上推，是非常罕见的，即使在热市里也相当罕见，而我们现在并不处在热市。昨天是暖的，今天感觉冷一些，这很典型：暖、冷、暖、冷、暖、冷。也许两个冷天一个暖天，三个冷天一个暖天，然后也许连着两个暖天，
332	然后只有一个冷天，然后连着四个暖天，然后我们才开始看到那种转变。但现在还是偏冷。所以我决定：FTFT，没兴趣；VEA 感觉不值得。但 SUGP 这只我的感觉不一样。它一突破这里的 1 美元，我就下了单。我说，你知道吗，小账户，我要下单。我们看看发生了什么。砰，订单被拒。为什么？“你的限价显著高于或低于最新成交价，
367	请确认你交易的是正确的证券。”我设了 15 美分的偏移，意思是当前价格大约 1.05 美元，我的限价比它高 15 美分，1.05 加 0.15 就是 1.20 美元。如果你挂的单比当前市价高出 10% 以上，他们会自动拒绝，让你复核一下。我确实是想按那个偏移发出订单的，但被拒了，原因就是我一直用的热键设置是 15 美分偏移。所以我最后错过了那笔交易。如你所见，就在这里，它突破 1 美元，一路涨到
404	1.20 美元。当然，我也不会想在 1.20 美元进场。老实说，那个偏移对这只来说确实有点太高了，但我的热键里一直就是这么写死的。对于像 VEA 这样的股票，15 美分完全没问题。再说一遍，不是说我真想吃满 15 美分的滑点，但如果某只股票动得很快，这就是我历来允许的成交范围，一直也还行。所以可惜今天那一笔因为这么个有点傻的原因没做成。之后它就变得非常厚重了。我的想法是也许它会突破 1.25 美元，
443	拉升到 1.50 美元，但它没有。所以我说：“不，现在我对它没兴趣了。”所以 SUGP 是我们第二名的领涨股，交投非常厚重，不再感兴趣。MSZ，成交量 1,800 万股，盘后异动，凌晨 4 点延续，然后回落。还有几只股票冲高过。整点刚过，有 CSAI，这只在早上 9:00 有新闻，但有意思的是，它直到 9:15 才冲高。
475	这有点奇怪，不知道为什么。还有几只别的股票，BNRX 还是 BRNX，我记不清了，这是一只以色列能源股。它冲高了一下，然后回落。他们在这里有一条标题，但看起来是和一家银行达成的某种和解，所以我不太确定那意味着什么。所以说到底，到上午结束时，我就是没看到我喜欢的东西：冲高、反转、新闻……不行，都不好，
508	拿不准。所以可惜今天算是有点落空，至少盘前时段是这样。但你看，我能接受。我只需要有耐心。昨天小账户是个好日子，我只需要每天都到场，因为你永远不知道下一个好机会什么时候出现。所以和往常一样提醒大家，我的结果并不典型，
533	交易有风险，在投入真金白银之前请先在模拟盘里练习。我们明天早上 7 点直播见。
