1	大家好。今天这期节目，我来拆解一下今天上午的交易。今天有几只不同的股票走出了行情，但没有一只特别出色。这周相对比较慢，八月底进入九月时行情有点慢并不罕见。对很多人来说这算是夏天的最后一周，有劳动节假期。顺便说一下，这周末是长周末，周一劳动节休市。所以海外的朋友周一可以睡个懒觉、放松一下，因为休市。而这个长周末传统上标志着夏天的结束。所以从八月最后一周到九月，
40	很多人在进行夏天的最后一次旅行。我也一样，我在 Sprinter 这个移动交易站里，和我的儿子们在加拿大露营，我们玩得很开心。下周很多人要返校了，过去这周有些人已经返校，一些大学生已经回去了，这一切都在市场里造成了一点过渡期。你知道，这些生活上的转换确实会波及到市场。显然有很多大学生整个夏天都在交易，其中一些人返校后会离开一段时间。我年轻时也曾是那种跟着学校作息的交易者，所以
78	我理解：事情会变多，父母送孩子上学，诸如此类，这会让市场发生一点变化。通常一年的最后三个月，十月、十一月、十二月很强；通常一年的头三个月，一月、二月、三月也很强；而年中四月到九月之间会偏冷一些。这是概括的说法，因为有很多例外。事实上，我史上最好的月份就是六月。
109	我记得去年九月也非常好，八月我想也挺好。所以并没有真正的保证某个月一定冷或一定热。季节有一定影响，但还有不论一年中什么时候都存在的市场周期。我们整个夏天都处在一个非常非常热的周期里，但到八月底显然冷下来了。而我大概没有像应该的那样那么快把脚从油门上松开。
140	这个我们改天再聊。总之，今天早上我预计行情会相对较慢，毕竟是长周末前的周五。这不是大多数公司会发布重大催化的时候。要说有什么，他们会发布坏消息，希望大家周末过得太开心，完全忘了这回事，到周二坏消息就被忘掉了。所以在长周末前的周四、周五，我们更可能看到坏消息，而不是好消息。今天也确实如此。
174	我们的头号跳空股是 IMRN，涨 68%，成交量 6,800 万股，流通股 760 万股。这只交投厚重，慢得像糖浆，没什么可做的，我一笔没做。现在第二名的跳空股只涨了 36%，开盘时才开始拉升，流通股 1,100 万股，没做。第三名的跳空股，这只在 90 美分，对我来说太便宜了。它成交量 6,500 万股，流通股 200 万股，流通股换手率非常高，但其实没怎么动。
208	CDTG，又一只中国股票，开盘时冲高，我没做。虽然拉升得挺漂亮，但我不知道还能从中吃到多少。流通股 1,400 万股，也太便宜。SGRX，这只流通股 80 万股，大约凌晨 4 点在这里大幅冲高，从 2.60 美元涨到 7 美元，然后全部回吐。我们一直在看到很多这样的走势，真的很令人沮丧、很难做。AAN 是我最后交易的股票。现在它只涨了 16%，但我交易它时它涨了 50%，这使它成为仅次于 IMRN 的第二名跳空股。
247	那么 AAN 有多符合我的选股五要素？第一，我们说说它当天涨了多少：已经涨了 50%，很好。相对成交量呢？是平均的 30 倍，很好，我的最低要求是 5 倍，这是 30 倍，棒。流通股呢？40 万股，是非常低流通的股票，这正是我们喜欢看到的。这种股票有潜力打破这些股票不断反转的循环，因为像这样的低流通股一旦启动，就可能走出非常大的行情。所以价格好，相对成交量
284	好，流通股好，涨幅至少……哦，价格，对，在 2 到 20 美元之间。然后第四条——我顺序颠倒了几条——第一，价格在 2 到 20 美元之间；第二，5 倍相对成交量；第三，已经上涨至少 10%，我交易时它涨了 50%；第四，流通股；第五，新闻催化。有意思的是，它在早上 9:05 这里发布了一条催化，但在那之前没有催化。所以它在盘后是在没有新闻催化的情况下上涨的。
318	这也不算太意外，最近我们也看到了不少这种情况。所以随着上午的推进，它先在 5.55 美元这里冲高一次，然后回落，然后就在这里开始弯上来、穿过 VWAP。起初我不太确定，我就说，AAN，我不太确定。然后我们的一位会员留言说它的空头持仓比例其实很高。我去复核了一下，确认他们说得对：据 Ortex 的数据，空头持仓比例是 40%。我把这个移过来，调出来给你们看。Ortex 是我在 GameStop 轧空期间开始用的一个平台，
357	用来快速查看、衡量实时的空头持仓，或者说目前能拿到的最接近实时的数据。大多数空头持仓数据提供商给的数据有两周延迟，那只能算有点帮助。这个要新得多。它显示空头持仓 40%，这很可观；融券利用率是 19.95%。
381	唯一有点难理解的是，还有更多股票可供借入。这很令人困惑，因为如果空头持仓是 40%，那就说明已经有 40% 被借走了，那么剩下的 60% 从技术上说就是剩余的做空潜力。而这里显示只用了 20%，在流通股这么低、空头持仓这么高的情况下，这其实对不上。所以 40%
421	的空头持仓意味着，在一只流通股 40 万股的股票上，有超过 20 万股被做空持有。所以显然，如果这 20 万股只占全部可借股份的 19% 或 20%，那可借的股份就有 200 万股——不对，抱歉，是 100 万股可借，但流通股根本没那么多。于是这就引出了我们在我最近另一期节目里讨论过的裸卖空问题。我会在今天这期结尾放上链接，因为我觉得它绝对
458	相关。尽管如此，报告的空头持仓是 40%，借券成本涨到了 340%，所以偏高。于是当我看到它开始拉升时，它先涨到 4.80 美元，我想，嗯，那是个双顶，所以我不感兴趣。它回调，然后就在这里突破 4.80 美元，当它涨到这个价位时，我开始加仓、加仓、加仓、加仓，一路加到这根 K 线里。那时我想：好，我们手上可能有一场轧空。
485	看看这只股票想怎么走。它最后拉升到 6.09 美元的高点，然后走软、回落，一路回到大约 5 美元重新整理。那仍然守在之前 4.80 美元的阻力位之上。但通常当你走出一个台阶式上涨时，你希望看到它守在更高的价位，而不是上了一个台阶又直接回到同一个价位，因为那样就开始像头肩形态了。所以就在这里它回调时，我在想，也许这是一个反头肩形态，我们可能会等到
525	它弯回到双顶位置，这正是之前出现过的情况：这里有一个双顶，然后它回到这个位置，而且真的推得更高了。所以我想，如果它能回到双顶，就能推得更高。这可能是我们周五的“外卡”股票，可能就是那只给我们一波非常干净行情的股票。你可以看到，事情并没有这样发展，这很让人泄气。事后看，我想我真的不该感到意外。所以我做了这只，我一度有相当大的浮盈，然后吐回去很多：拿得太久，而且在它往下走时还在加仓。
566	今天我的做法基本上是站上本垒板，只挥一次大棒。我真希望自己当时能冷静一点，不要那么用力。因为我冒了很大的风险，而回报其实配不上我冒的风险。这总是很难，因为你可能会说：嗯，天哪，27,813.61 美元已经很好了。虽然确实不错，但如果你冒 10 万美元的风险去赚 2 万美元，那盈亏比就不太好。我在这只上用了大仓位。
601	我在等它一大波突破 6.50 美元、涨到 7 美元。我以为它会继续走高，结果没有。所以我对会发生什么的判断没有成立。而且事后看，鉴于这是长周末前的周五——我当时在想，嗯，这可能是一个“外卡星期五”：就是那种你不指望有什么行情的日子，结果真的有一只股票走出了非常大的行情，因为恰好凑齐了完美的组合。
632	我觉得这只有点符合这个设定。但如果事后更苛刻地审视这个判断，我可以说：嗯，你之前有过这些放量但收阴的日子。当然今天的成交量比这些日子都大，但尽管如此，确实有一些放量的红日。而且这只股票确实有增发的历史，我们知道这一点，但很多这类股票也都有。所以单凭这一点，不应该是
673	阻止我做这笔交易的唯一因素，我是说他们可能增发的风险，因为这很常见。我认为说到底，不幸的是，这又是一起裸卖空的案例。我认为在一只流通股 47.7 万股、据称空头持仓已达 40% 的股票上出现这么大的卖盘，是不合理的。我实在想不通怎么会有那么多股份可供卖出，除非公司今天在卖股，这是有可能的。并非不可能，
713	但我就是觉得有点可疑。这就是我们在当前市场里面临的挑战：我们一直看到这些股票形态还不错，看起来能涨，当前交易价附近也没有认股权证的行权价，没有明显的阻力位，然后它们就撞上一堵巨大的卖墙。有人说他查了，他的券商显示有 50 万股可供做空。嗯，等一下，流通股只有 47.7 万股。
749	而我们知道——如果你看了我会在这节课结尾放链接的那期关于裸卖空的节目——当我和那位前 SEC 律师坐下来讨论裸卖空时，他说这些券商每天早上都用同一份库存作为可借股份的潜在数量。所以一家券商说有 50 万股可借，但还有另外 10 家券商也在做同样的事。于是现在 10 家券商各说自己有 50 万股，因为它们用的是同一份库存。这样一来，在这种情况下，交易者可能在做空的潜在库存就有 500 万股，甚至可能更多。不过，
788	大的券商大概也就五六家，所以可能更像是 350 万股，而这是一只流通股不到 50 万股的股票。所以现在自然会出现高得多的卖压，这就是我们看到的。所以这就是为什么我感觉——我不知道——我们现在是在逆着一股非常强大的潮水游泳，我们游得越用力，它就把我们往外拉得越狠。这是因为通过裸卖空在市场上卖出的那些人造的幻影股。那么解决办法是什么？
824	有几个解决办法。第一个，这可能对我来说是最重要的，就是在冷市里对仓位更保守一些，假定并且清楚空头因为正在进行的裸卖空把戏而占据上风。这是第一。第二，市场情绪偏冷让情况更糟。一旦我们迎来下一轮大动能周期，就会有 FOMO，就会有恐惧和贪婪。
853	空头会害怕被埋掉，多头会害怕错过下一波行情。然后我们会开始看到情况慢慢回到夏天早些时候的样子。但这就是市场的阴阳两面、潮起潮落：当买方掌控局面时，我们会看到那些超出常规的大行情，我们能很好地从中获利；当卖方掌控局面时，我们会看到即使是可能有很好消息的股票，最后也被卖出、走低。
881	那些本不该有这么大卖压的股票最后被一路砸下来，事情就是这样。我想第三个办法，你可以考虑做空其中一些股票，但那样你的风险在于，你某种程度上间接参与了这种裸卖空把戏，因为很多券商都在做同样的事。部分原因在于追踪谁在什么时候持有哪些股份的系统已经过时了。希望某个时候它能升级为更实时的库存，但现在用的是开盘时的
924	库存，一旦那些股份都被借走，就是另一种情况了。但如果多家券商都用同一份开盘时的库存，那么在每家券商开的账户——基本上你可以在两家大券商各开一个账户，同时在两家券商做空同样的股份。所以如果你有一个账户，你可以在券商一把 50 万股全部做空，然后在券商二把 50 万股全部做空，在券商三把 50 万股全部做空。于是你现在做空了 150 万股。你真的可以在一只流通股 50 万股的股票上做空 150 万股，就因为
962	券商是用开盘时的库存来分配各自体系内能给每个客户多少股。确实有交易者在这么做。而在一只最后从 5 美元涨到 50 美元的股票上，这个交易者会收到追加保证金通知，账户就没了。就像那些去赌场冒很大风险的人，他们赚到疯狂的钱、疯狂的钱，然后运气用完了。这种裸卖空把戏总会是这个结局，因为迟早总会有一只股票走出抛物线式上涨，
1000	让所有人大吃一惊。如果你持有 150 万股空头，现在不得不开始买回来，还要和所有人抢着买，你最终会被彻底打爆。几年前有一起诉讼，一个空头做空了一只这类股票，我记得大约 80 万股，结果它涨了上去。股票没有新闻，但开始拉升，突然他们每股亏 5 美元、10 美元，也就是亏了 800 万美元。然后券商介入，开始帮他们平仓，因为券商觉得：你亏了一大笔难以置信的钱，你就要
1038	收到追加保证金通知了。那么当券商进去开始按买入键时，会发生什么？他们按下买入 30 万股、40 万股，股票拉升到停牌。因为是在常规交易时段，所以是上涨停牌。然后显示恢复交易时会大幅高开。他们还在努力平仓。恢复交易，又涨到停牌。他们只平了一点点，再平一些，再平一些，再平一些。
1062	诉讼中那位交易者声称，券商基本上是在这波拉升和多次上涨停牌中帮他们平仓，给了他们最糟糕的出场价。而券商辩称，那时候管理这笔交易不是他们的工作，这个人收到了追加保证金通知，所以他们必须平仓。那么那 80 万股的买单是不是在给动能火上浇油？也许是。但券商又能怎么办？
1086	只能祈祷它别涨到 100 美元。结果它涨到了大约 50、60 美元一股，那一笔交易亏掉了几千万美元，那家券商就没了——不对，不是券商，是那个交易者没了。但会有新的交易者来接替他们，以为自己能做得不一样。所以总会有交易者有足够的风险胃口去做空这类股票，并利用这样一个事实：通过多个账户，他们可以把它做空得如此之狠，以至于形成自我实现，真的把股票砸垮。这会一直奏效、一直奏效、一直奏效，直到失效为止。而当它失效时，会是史诗级的失败，那就变成了
1126	大规模轧空，这正是我们这些偏多的动能交易者最爱做的行情。所以眼下我们得先熬一熬，得做得保守得多，多在场边观望，在这些空头掌控局面的时候尽量别被打爆，因为现在是他们在掌控。如果你想了解更多关于裸卖空的内容，看看这里链接的那一期。提醒一下，Warrior Trading 的劳动节促销正在进行中，如果你想在 Warrior Starter 或 Warrior Pro 会员上享受特别折扣，可以来看看。一如既往，交易有风险，我的结果并不典型。所以请管理好风险，在投入真金白银之前，一定先在模拟盘里练习。好，
1165	我们周二一大早见。
