0	今天这期节目，我要教你们我用来在 46 天里把一个 2,000 美元的账户做到 10 万美元以上的日内交易策略。这期节目里，我会分享我每天遵循的三个简单步骤。这些步骤你可以在自己的交易中实践，但我希望你答应我一件事：在你首先在模拟盘里证明自己能稳定且盈利地执行这些步骤之前，我不希望你投入真金白银。我也不希望你以为我的结果是普遍的，以为你一上来就能在 46 天里赚 10
37	万美元，因为事情不是这样的。我是交过学费的。我在 2001 年开了第一个账户，那是 25 年多以前的事了。我做这行很久了。但我喜欢做小账户挑战，是为了证明即使过了这么多年，这些策略依然没变。好，我们切到屏幕共享，开始拆解。今天是第 46 天，终于突破了 10 万美元。我也要和你们分享，在这次挑战中我犯了一些错误。我是人，有几天我没有遵守自己
75	定下的全部规则，包括选股、入场、出场，尤其是知道每天什么时候该离开。今天的课上我们会讲到挑战中的那些弱点、那些软弱的时刻，但我们也会谈到，总的来说，这次挑战非常成功。我这次比上一次做这类挑战时稍微慢一点。我上一次是一个 600 美元的账户，不到 600 美元做到 10 万美元，用了 44 天。所以那次快一点，但那次挑战中我
114	在账户里用了杠杆，也就是用借来的钱交易。而这次挑战用嘉信理财做券商，他们几乎不给这些低价股提供任何杠杆。所以虽然我在做日内交易，但我实际上只用当天账户里可用的现金交易。所以相比之下，这次的增长其实更好，因为这次挑战我没有用任何借来的钱。我们先从大局说起：我赚了 10 万美元以上的利润，一共做了 113 笔交易，保持了 70% 的胜率。如你所见就在这里，我
155	有 80 笔盈利、33 笔亏损，平均每笔盈利大约 2,000 美元，平均每笔亏损也大约 2,000 美元，也就是说我的盈亏比是 1:1。我想从这里开始，因为我想先从风险讲起。交易有风险，听我这么说你不应该感到意外。所以每当我思考交易，不管是一般而言还是针对某只具体股票，我总是在想我冒多大的风险、可能获得多少收益。我不想冒的风险大于我可能获得的收益。
190	我们切到白板上，非常简单地想一想：如果我冒 2,000 美元的风险，可能赚 2,000 美元，我需要多高的胜率才能保本？五五开，对吧？我需要 50% 的胜率才能保本。另一方面，如果我能做到超过 50% 的胜率，达到 70% 以上——这正是我保持住的水平——那么在 1:1 的盈亏比下，经过几十、几百、最终几千笔交易，我就会产生利润。在我的职业生涯中，我做过 35,000 多笔交易，一直保持着大约 1:1 的盈亏比。
228	有时好一点，有时低一点，而我的胜率一直相当稳定地保持在 70% 左右。今天这堂课上我会和你们分享的内容之一，是统计数据：不仅有这次小账户挑战的，还有我上一次把 600 美元做到 10 万美元的小账户挑战的，以及过去 10 年的，这些都已经导入到这里的这个软件里了。
256	过去这 10 年，其实是 11 年，你可以看到我所有的统计数据叠在一起。所以这很好地展示了我在很长时间里是如何稳定表现的。这是上一次小账户挑战，我的平均胜率大约 74%，在差不多的时间里做到了大约 12 万美元。所以我们会有几个不同的对比点可以深入研究。因为日内交易有风险，我总是希望你们在投入真金白银之前先在模拟盘里练习。
283	而且非常重要的是，你要想清楚可能获得多少、冒多大风险。所以如果你可能赚 1 美元、冒 1 美元的风险，50% 就是你的保本点，胜率高于这个你就能盈利。如果你冒 2 美元的风险只为赚 1 美元，你得有 67% 的胜率才能保本。这意味着，如果过去 46 天里我的盈亏比是倒过来的、是负的，我其实根本赚不了多少钱。反过来，如果我能冒 1 美元的风险去赚 2 美元，那同样一段时间里我就能赚到两倍的钱。
321	所以我每看一笔交易，都会问自己：我有没有潜力至少赚回我冒的风险，甚至更多。因为我在很长时间里大体发现：当我看一个形态、心想“好，我觉得这笔交易有潜力赚，比如说每股 50 美分”时，我很少能抓住我认为它能走出的全部空间。事实上，我通常抓到的不到那个潜力的一半。换句话说，如果我看到一个形态，它只有每股 10 美分的潜力，那现实中我大概只能赚每股四五美分。
358	那真的不是一笔值得做的交易，因为通常我没法把最大亏损设得足够紧，以维持 1:1 的比例。在那种情况下，这类交易我平均亏的会比赚的多，这意味着我的胜率必须非常高，才能支撑我继续做这类形态。所以在过去 46 天里，我们经历了市场的一次大摆动：从一个非常非常热的市场，到一个非常非常冷的市场，然后又回到一个非常非常热的市场。
390	事实上就在今天——嗯，昨天——我们有一只股票涨了 2,000% 以上，而且今天上午继续走高。昨天它的低点是——我调出一张图，给你们看看背景——这只股票昨天的低点是 50 美分一股，就在下面这里。那是昨天很早的时候，其实是 35 美分一股。而今天，难以置信，它到目前为止最高已经打到了 17 美元以上。这是一波难以置信的行情，而且肯定不止这一只，今天我们有好几只这样的大行情。所以我当然会给你们复盘一下我今天的交易，但我也会带你们过一遍我
429	过去 46 天一直遵循的这三个步骤。日内交易有风险，风险管理是关键。我发现的一件事，对我来说肯定如此，对很多新手甚至有经验的交易者大概也是如此：虽然我有这套策略的规则——我把它列成一、二、三步，每一步下面又有各自的具体步骤——虽然我有这些，而且如果我每天都始终如一地遵守，就会得到预期的结果，但挡路的是——就在上面这里——我的脑袋。我开始觉得自己更懂。这太
469	典型了，因为规则就摆在我面前，可在那一刻我却想：我不知道，我想我还是要做这笔交易，尽管我有一套规则说我不该做，因为价格太高之类的。上这堂课的过程中我们会讲更多细节。我决定推翻那条规则，跟着直觉走。不幸的是，我们的直觉并不擅长在市场上赚钱。所以通常最后发生的是：当你跟着直觉走时，你最终会屈服于情绪，这意味着你会买在很高的位置。几乎就像投降一样：你屈服于错失的恐惧，在一个高得离谱的价位按下
508	买入键。然后当它开始下跌时，你不想认亏，你拿着、拿着、拿着，直到在回调的最底部情绪化地卖出。现在你成了一个买在顶部、卖在底部、在亏钱的交易者。当你一贯如此时，你会缺乏自信，亏损会增加，交易记录会很差。这就形成了一个恶性循环：讽刺的是，你会用越来越大的仓位去试图赚回亏掉的钱。但用一直导致你亏钱的同样做法去赚回亏掉的钱，只会助长这个恶性
546	循环。然而很多交易者都这么做，包括我自己也时不时如此。所以我发现，新手交易者与成功和盈利之间最大的障碍之一，是你的心理博弈。所以我当然会和你们分享你需要遵循的三个步骤，但我也希望你们认真思考自己的心态。在这期节目里，当然也在一般的交易中，我希望你们专注的是高胜率。如果你能专注于高胜率，那就是建立正反馈循环的开始。为什么呢？
586	嗯，当你专注于高胜率时，你不可避免地会消除一些离群的亏损，那些一直在拉低你的盈亏比、一直在伤害你的自信的亏损。所以胜率提高意味着你消除了不必要的亏损，你的盈亏比更好，这意味着你更稳定：更多绿日、更多绿周。如果你有更多绿日、更多绿周，你的交易记录就会更扎实，这会建立自信。
614	有了自信，你就有了开始用更大仓位的良好基础。更大的仓位、更高的交易频率意味着更多的盈利。这就成了正反馈循环。每当我做这些小账户挑战时，你们在我自己的交易中都看到过这一点。这是我之前做的小账户挑战，上一次是从 600 美元做到 10 万美元多一点。我看看，我是在哪里突破 10 万美元的……哦不，是在这里突破 10 万美元的。总之，我想那是 44 天，我花了 44 天把一个 600 美元的账户做到了 10 万美元。你
653	可以看到第一周增长相对较慢，然后增长开始变得相当快。在这里慢了一点，然后随着时间推移——我把日历调到 12 月 31 日——我看看，我们在下面选详细数据，我给你们看这个：我有过一段慢的时期，然后又增长了；然后我们再拉长一年，你可以看到它还在继续。所以这是小账户挑战的两年了。然后再往后两年，这就进入了——
692	天哪，这里发生了什么？现在进入了一段强得难以置信的时期，有 GameStop 轧空之类的。所以在过去 46 天里，我一直在做这个慈善挑战，全部利润都捐给慈善机构。我看看，我们选年初至今。我的重点一直是每天坐下来尽我所能遵守规则——有几次例外——努力建立那个正反馈循环。所以如果你看这个 90 天的窗口，你可以看到盈利一开始很平稳，然后在这里开始真正
730	迅速增长。我猜如果我再继续这个挑战 46 天，我们会看到盈利增长得更快，因为我有了信心。光是账户里有钱是不够的。有些人觉得：“哦，只要我往账户里打 10 万美元，我就有钱做大单了。”钱不是第一要务。第一要务是建立扎实的交易记录、建立自信，因为那是你的地基。这就是为什么在投入真金白银之前先在模拟盘里练习如此重要，因为正是在模拟盘里，你打下了这个地基，你的交易记录就是从那里来的。所以，
769	在你先证明自己能保持这种稳定性之前，不应该把真钱投进市场。你们很多人都知道，这次小账户挑战是一次慈善挑战，我赚到的全部利润都捐给了慈善机构。在我做过的最近四次小账户挑战中，我们现在已经募集了超过 51.6 万美元。你们每给这个系列的节目点一个赞，我就多捐 1 美元。所以这 50 万美元是我的交易利润加上你们的点赞。我们已经成功
806	捐给了全国 50 家儿童医院，每个州一家，另外还有波多黎各、华盛顿特区、关岛和美属维尔京群岛。这就是这次挑战的目标，我们刚刚就在这里越过了它。这期节目带来的全部利润，以及你们的点赞，都会用于我们继续向儿童医院捐款的目标。所以非常感谢你们参与这个激动人心的挑战。第一步，选股。每天早上我坐下来，我的工作就是找到一只值得交易的股票。我用股票扫描器来
847	找。我用的扫描器是一项付费服务，是我自己开发的软件。我从 2017 年开始做它，如今全世界有成千上万的交易者在用这些扫描器实时寻找正在异动的股票。我们订阅实时行情数据，把数据汇总起来，然后搜索符合我的选股五要素的股票，这五要素你马上就会学到。所以第一要务是找到一只正在动的股票。我想给你们一份 PDF，你们可以打印出来，在自己的
886	交易中使用。它不仅概述了我的选股指南，包括选股五要素，还概述了我的小账户策略、我的交易计划，以及一份交易日志，你可以在自己的交易中开始用它来追踪表现。评论区顶部会置顶一个链接，你可以在那里免费下载这些 PDF。我们会请你留下电子邮件地址，然后给你发邮件，给你下载链接。我们不会和任何人分享你的邮件地址。我们会定期给你发邮件，让你了解 Warrior Trading 的动态、我正在做的新挑战，以及诸如此类的
925	东西。但我想让你们知道，我们不会和任何人分享你的邮件地址。所以请去看看这些 PDF，你可以在自己的交易中使用它们。这是我们为你们准备的一份资料，配合今天这堂课使用。这就是我的选股五要素。第一，股票当天必须已经上涨至少 10% 或更多，这是需求的指标。
950	第二，相对成交量需要至少是平均的 5 倍，意思是这只股票今天的成交量是它过去 50 天日均成交量的 5 倍。第三，这只股票今天应该有新闻催化，这就是它上涨 10%、成交量是平均 5 倍的原因。第四，股价应该在 2 到 20 美元之间。这个价格区间不仅更适合小账户挑战，在散户交易者中也更受欢迎。市面上有几百万散户交易者，散户交易者一般会发现，交易更高
988	价的股票显然需要更多资本，而且成交量更小、风险更大。第四——抱歉——第五是供给。这些是选股五要素的指标，前四条是需求的指标。一只股票要涨 100%、200%、300% 甚至更多，供给和需求之间需要出现失衡。这个等式里的供给由流通股决定，也就是可供交易的股份数量。一家公司 IPO 时，在公开市场上卖出股份，这些股份是一个固定的数量，它就成了我们买卖的那个股份池。所以如果一只股票
1026	的股份池相对较小，而它发布了一条新闻催化，需求突然激增，那么价格就会上涨得非常快，因为交易者都在争抢着从持有股份的有限卖家手里买股。这选股五要素并不只是我对“什么大概行得通”的个人看法，它们实际上是基于我自己的交易数据。这是我的 10 年平均：过去 10 年里，交易相对成交量 5 倍、也就是平均 5 倍以上的股票，产出了这么多利润。
1056	而我其余的盈利来自成交量稍低一些的股票。所以很清楚、非常清楚：就选股要素而言，5 倍相对成交量是必须的。在我的小账户挑战中，这是过去 46 天、包括今天在内的表现。大部分利润总体上来自相对成交量 5 倍的股票。但你可以看到，我在这个较低的区间里多做了几笔，我觉得那算是个错误，有点偏离了：我在预判一只股票会成，但很多情况下我判断错了，
1095	它没成。所以就挑战中犯的错误而言，这一点很重要，值得注意。所以再说一遍，我要承认犯了一些错误。第一，交易相对成交量较低的股票，这是我在挑战中不同时候犯的第一个错误。第二，今天成交量更大的股票：从我的 10 年平均看，当股票当天成交量超过 2,500 万股时我做得更好，而且一贯是成交量越大我做得越好。这通常是因为当一只股票有非常好的催化时，交易它的人更多，所以
1132	成交量就上去了。小账户挑战中也是如此，但我在下面这里成交量较小的股票上有几笔亏损。所以第二个错误是在——哎呀——低成交量，抱歉，低成交量的股票上试水。低成交量的股票在很多情况下是个错误。这又是我在试图预判一只股票会成、今天会有大量成交、会受欢迎，也许是因为我刚看到新闻催化出来。但通常更好的做法是等待确认，而不是试图预判。
1169	过去 10 年里，交易当天跳空高开超过 2% 的股票，基本上是我全部利润的来源。这意味着股票基于前一交易日收盘后发布的新闻，在盘后或盘前交易中上涨。我交易的策略大部分就是突发新闻催化，而这些催化大多在盘后时段发布。在这次 46 天挑战中，大部分利润也来自这一类。但有几天我交易的股票其实是跳空低开后反转的，还有几只是
1206	幅度较小的。这些是离群值。再说一遍，当你在做小账户挑战、有点背水一战的时候，最好专注于基本功，不要偏离。那我问个问题：一只股票为什么会在 5 倍相对成交量、高于平均的成交量上涨至少 10%？因为有催化。所以交易新闻很重要。然而，过去 46 天里，我们看到了好几个例子：股票走出了巨大的行情，却没有明确的催化。这一直是个挑战。所以我做的一件事是——嗯，我
1244	待会儿再讲这个。在那之前，我们先聊聊价格。从历史上看，我在 2 到 20 美元之间做得最好，5 到 10 美元是甜区。这是我过去 10 年的数据，这是小账户挑战期间的数据，所以相当一致。这里有几个例外，但没有真正太偏离常规的。所以价格方面做得不错。第五是流通股。流通股少于 2,000 万股的股票，往往走出更大百分比的行情。我们扫描器上的这一列显示的就是流通股。你可以看到，这些是今天此刻整个市场上排名前五六的
1282	领涨股——其实这是前几天的截图，不过无所谓——你可以清楚看到，这些领涨股的流通股都比较低，少于 2,000 万股。这只是个例外，2,600 万股，这几只也是例外，但这是我们在任何一天大体上看到的情况。所以如果我拿今天的扫描器举例，这是今天早上：头号领涨股就在这里，流通股 160 万股；第二名——这只涨了 400%——第二名的领涨股流通股其实是 3,400 万股；第三名流通股 1,100 万股；
1321	第四和第五都是 700 万股。然后下面这里有一只稍高一点。所以一般来说，流通股低于 2,000 万股是甜区，但也有一些例外。至于新闻，这就比较棘手了，因为今天就是一个例子：这只股票 RETO 走出了难以置信的行情，却完全没有任何新闻。它是一只中国股票，没有明确的催化。这对交易者来说肯定构成风险，很难理解一只股票为什么会在没有新闻的情况下上涨。一般来说，交易者会得出结论：一定有人知道些什么，因为一只
1362	股票肯定不会在没有任何催化的情况下，一天之内从 50 美分、35 美分一股——不管多少——一路涨到 8 美元的高点。但我会说，我们确实知道的是：其中一些股票开始走高时，会有空头开始卖、卖、卖、卖，预期这只没有新闻的股票最后会掉头往下。而如果在某个时点，股价突破了他们的最大亏损，他们就别无选择，只能回补。回补仓位意味着买入，相当于给多头添了一把力，这就形成了这种买入成交量和这一大波拉升。
1398	所以你完全有可能碰到一只没有任何潜在催化的股票，真的没有任何基本面理由涨那么高，但因为空头犯倔，就出现了所谓的轧空。2021 年 GameStop 发生的就是这个。GameStop 的基本面配得上 500 美元一股的高价吗？答案是否定的，我们都清楚这一点。然而，由于恐惧与贪婪、买入与卖空的相互作用，它和真实价值脱节了。所以这些可能意味着机会。比如这只股票，
1437	它满足选股五要素中的四条。因为它不是五条全满足，我必须承担少一点的风险，认识到它失败的几率更高。然而，如果它是领涨股——此刻它就是——那么仅仅因为没有新鲜的新闻催化就无视它，那就是个错误。所以这是一个需要注意的重要问题。好。
1462	我们把这个藏起来。所以我的选股五要素现在是这样列的：股票必须涨 10%，需要 5 倍相对成交量，应该有新闻事件，价格应该在 2 到 20 美元之间，流通股应该少于 2,000 万股。好，这很清楚。然而在这五要素之内，我也承认自己在一天中的某些时段做得更好：我在交易时段的早段做得更好，随着时间推移盈利递减。这是因为我大部分交易都是有突发新闻的股票，而新闻通常在交易时段的早段发布。当然也可能有新闻催化
1501	在交易时段晚些时候、下午发布。不过我通常不在一天晚些时候交易，因为我觉得离收盘只剩有限的时间了。我宁愿早点交易，因为如果我犯了错，还有时间弥补；但如果我在最后交易，就没多少时间弥补那个错误了。所以这是在……这其实是历史全部利润，我更新一下那张幻灯片。我看看，我把这个反过来。这是 10 年平均，就在这里。
1536	然后这是 10 年平均，这是小账户挑战，就在这里。所以在小账户挑战期间，我确实有几笔在开盘后稍晚交易的亏损，事后我很后悔，我觉得自己偏离了我通常交易得最好的时段。所以早上 7 点到——真正说来——9:30 之间的行情最干净，因为 9:30 开盘铃之后，市场上会有几个变化：一是市价单的出现，二是止损单的出现，三是停牌
1574	价位的出现。这些都让做市商在对付我们这些散户小角色时占据上风。所以在当前市场里，我发现 9:30 之后交易通常会变得更难。所以最高质量的股票，会比我刚才分享的五要素筛得更严：我的最低要求是股票当天至少涨 30%；我更希望有一条突发新闻标题，但同样，那可以是例外；5 到 10 美元的价格是我真正的甜区；5 倍相对成交量，必须的；时间在早上 7 点到 10 点之间；
1612	流通股低于 1,000 万股，以进一步减少供给，这意味着供需失衡会更大。所以今天第 46 天早些时候的涨幅榜上，有 ZTG，涨了 300% 以上，这是一波难以置信的行情，而且是在早上 7:15，非常早。MEDS 是我们第二名的领涨股，涨了 137%，如你所见，就在我刚才调出幻灯片——或者说扫描——的时候。截至现在，MEDS 涨了 485%。
1648	它波动极大，正在走出一波非常大的行情。ZTG 回调了一点，现在涨 197%。所以这就是我今天早上 7 点在看的东西，我在努力决定该选哪只股票。我总是要确保自己选的是一只我觉得很显眼、我觉得其他交易者也很可能在看的股票。这就是第 46 天。
1674	再补充一点背景：昨天我们有这次 2,117% 的轧空，如我们现在所知，它今天上午晚些时候还在延续。但在早上 6:45、7 点那个时候，我并不知道它会延续。我只知道昨天有一波巨大的行情，这意味着我要非常密切地关注和它类似的股票，因为出现一波大行情之后，交易者不想错过下一波。所以当另一只看起来类似的股票冒出来时，交易者会很快冲进去。那它有哪些有利条件？它是一只外国上市证券，价格相对较低，开始动得非常快，一
1712	瞬间就涨了 100% 以上。今天早上 ZTG 出现在我们的扫描器上，它也是一只外国上市证券，一瞬间就已经涨了 100% 以上，而且动得很快。所以在我看来，它符合前一个交易时段那波大行情那类股票的画像。那么它有多符合我的选股五要素？在我考虑做第一笔交易之前，它已经涨了 150%。它今天的成交量是 50 日均量的 13,000 倍。没有新闻催化，但昨天走出大行情的那只也没有。所以这也许甚至更好，因为这让它和
1751	昨天那波大行情更相似。价格在 2 到 20 美元之间，稍微偏低，但正好在边缘上，所以我可以接受。流通股少于 2,000 万股。所以它满足五条中的四条，时间合适，而且和昨天的大行情高度吻合，它有中国关联。昨天的大行情是一只中国上市股票，这只是澳门的股票，澳门是中国的一个特别行政区。我想你可以把它类比成美国的华盛顿特区，或者美国的波多黎各。它是
1789	中国的一部分，他们在中国经营。好，所以它有中国关联，然后突然间我们看到了这波巨大的行情：这只股票最后在 5,000 万股的成交量上涨了 400%。所以当这只股票就在这里第一次出现在我的扫描器上时，我必须做一个预测：我相信这只股票有潜力继续走高吗？我用选股五要素来得出答案，我相信答案是肯定的。所以我相信这只股票有潜力继续走高。
1823	这就是第一步。而且我相信这只股票是显眼的，我当时觉得它实际上就是整个市场上最显眼的股票，因为它是领涨股。那么现在的问题是：我在哪里入场？对吧，我们有了一只候选股票，现在我得决定在哪里买。所以我们进入第二步，也就是到底在哪里按下买入键。
1848	好，第二步，我要等回调。我不想在股票正在拉升的途中直接砸单进去，因为那样的话，我附近没有任何支撑可以依据。我给你们举个例子。有一只股票就在这里拉升，就在这里拉升。假设这是初始回调——或者说初始上涨——的低点，就在下面那里。假设我就在这里直接下单，如果我就在那里、在行情一开始冲进去，这笔交易的最大亏损在哪？嗯，我的最大亏损应该在最近的支撑位，
1888	就在下面这里，所以离得非常远。如果下一根 K 线它继续走高，我可能会想：哦，没问题，我在这里出场，这是一笔好交易。但它其实并不是好交易，因为我冒的风险大于我可能获得的回报。风险与回报。所以即使这笔交易我赚了，我大概也需要 70% 的胜率，才能一直做这个形态并保持盈利。这不太可持续，尤其对新手交易者来说。所以与其在那里进场，我宁愿耐心一点，让股票回调。
1927	让它就在这里经历第一次回踩，出现一点回调。这就是见分晓的时刻，因为这只股票可能一路跌回去，我们肯定见过这种情况，今天就见过这种例子。我们把扫描器调出来，我给你们看一个今天早上的例子。我看看，今天有哪只来着？我们可以在扫描器上往回拉一点。我看看，有 DLXY。
1956	这是早些时候的一个好例子。虽然它最后反弹了，但我想那不是此刻的重点。它反弹上去——嗯，它不是一个完美的例子，我切到 1 分钟图，可能会清楚一点。这只在这里反弹上去，基本上从 45 美分涨到 1.10 美元，然后回到 60 美分。所以如果你就在这根或这根 K 线中间买入，你的最大亏损在下面很远的地方，而它一路跌回来了。当然，它最终又涨回来，然后你在这里等到一次小回调，它往上推了一点。现在开盘铃之后，这里有了一点行情，
1994	那里是一次漂亮的回调。但在这里中间、这里中间、或者这里、这里的中间买入，其实不太合理，因为你的止损远在前一次回调的低点。所以就在这里，考虑做一笔交易是一个特别“涨得太远”的位置，因为它的支撑太远了。所以要想从这个位置获得 2:1 的盈亏比，它需要涨到大约这里，你的止损在下面这里。它涨 100% 现实吗？嗯，在今天这种波动很大的日子里，考虑到其他股票的走势，当然不是不可能。但要求股票涨 100%
2034	才能证明你做这笔交易是合理的，并不是一个好策略。总之，这就是见分晓的时刻。如果它回调之后没有走得更低，在这里筑底，也许有一点下影线之类的，那我们就会开始把这里看作一个新的支撑区域，因为这是买家开始进场、说“我其实认为这只股票会走高”的地方。所以当第一根 K 线就在这里越过时，我把它叫做“穿越 K 线”。
2061	它是“K 线压 K 线”的形态，这根 K 线标志着趋势的改变。绿、绿、绿往上走，然后出现一根红的往下走，趋势就转为向下。所以趋势就在这里改变，然后就在这里随着这次反转再次改变。所以这里才是我想买入的位置，就在那根 K 线的中间。那根 K 线突破阴线的那一刻，我就进场。然后我在等它延续到高点。在这里入场，我的最大亏损在哪？是这次回调的低点。
2096	所以这是我的风险，而我的止盈目标首先是回测当日高点，那至少和风险一样大，而且通常更大；如果成了，就会继续走高。所以通常当我们碰到当日高点时，如果我保守，我会卖掉一半仓位，随着它走高再多卖一些；如果我激进，我会全部拿着；如果我非常激进，我其实会在这里加仓，把成本推到大约这里，然后在延伸上涨中卖出。但只有在市场真的很热时我才会那样做。这是几种不同的情景。这就是我要找的回调，也正是我今天早上在 ZTG 上做的交易。
2136	ZTG 就在这里冲上来，出现在扫描器上，对吧？所以我看到它出现在扫描器上：叮、叮、叮、叮、叮，我们看到成交量在放大。它回调，就在那里我下了单。所以我在等回调，就在那里加仓。这次我稍微激进了一点，待会儿给你们看。等回调太重要了。我在这次挑战中犯的另一个错误，就是有时候不够耐心。所以我没耐心，没有等回调。于是我会冲进涨得太远的股票，这算是
2175	屈服于 FOMO。我想部分原因是，我觉得我真的想快速把这个账户做大，我想每天都交易，我有一个向全国 50 家儿童医院捐款的目标，我不想错过机会，所以我有时有点太激进了，并不总是那么善于等这个形态成形，有时我会在上面这里、甚至在行情开始的某个地方有点过早地冲进去，因为我不想错过。然而，等形态主动来找你，会比不耐烦带来更好的结果。所以这就是这个形态：
2213	反弹上去，回调，第一根创新高的 K 线——那就是我们的穿越 K 线——然后回测突破当日高点，再延伸走高。今天早上我们在 ZTG 上等到的正是这个。所以我在它上面的第一次入场就在下面这里，1.55 美元和 1.61 美元，就在这个区域，博它突破高点。那是我的入场。好，现在我建了仓位。你们会说：Ross，那如果——我们只是为了讨论——就在这里呢？你看，它最后涨得更高了，但看起来并不完全一样，那更复杂一点。
2250	你说得对，那是一个稍微复杂一些的策略。这期节目稍后，我会和你们分享一些推荐书目，我会推荐两本书：一本是 Annie Duke 的《对赌》（Thinking in Bets），另一本是《Quit：知道何时放弃的力量》，也是 Annie Duke 写的。这些都是很好的书，你可以听有声书，它们不怎么依赖视觉，所以开车时之类的听一听就行。Annie Duke 讲到的一件事——她是职业扑克牌手，打扑克赚了几百万美元，是她哥哥教她打牌的。她哥哥的教法是：先只教她几种起手牌，他说：“只打这些。拿到这些牌就打，其他全部弃牌，别打。”作为
2290	新手交易者，我也鼓励你这么做：只专注于几个非常好的形态。这就是我最喜欢的形态，把它练好。然后以后，一旦你有了吃饭的家伙，你就可以开始尝试一些风险更高的形态。这里这个就没那么干净，虽然它成了，但没那么干净，这意味着它的风险更高。所以对小账户来说，就在这里的这第一次回调才是买入的位置。那现在的问题是什么时候卖。好，你知道什么时候买了，现在我们得弄清楚什么时候卖。尊重离场信号非常重要。Level 2 上出现大卖单
2328	是一个离场信号。Level 2 就是我们的行情数据，我们在那里看到所有的买家和所有的卖家。所以如果我们在看一只正在走高的股票，突然出现——我们只是为了讨论，在这里做一个小的 Level 2 窗口。我看看，做一个 Level 2 窗口。左边是买盘，右边是卖盘。假设在 5.50 美元这里有一个 1,000 股的买单，然后在 5.55 美元有一个 10 万股的卖单，那是一个大卖单。所以如果我持有仓位，假设
2368	这里就是 5.55 美元，我看到了那个大卖单，我会认识到，这个卖单至少会给这只股票造成短期阻力，因为价格要往上走，就得有 10 万股的买入把那个卖家吃掉。而在一只已经涨得很远的股票上出现 10 万股的买入，可能性没那么大。事实上，如果你是空头，看到上方就有这样的阻力，你大概不会回补。所以唯一会买的人只有多头。嗯，谁会在上面这么高的地方、K 线中间做多买入？那也不是一个做多的好位置。所以通常，
2407	一只涨得太远的股票上出现大卖单会导致回调。这次回调可能只是适度回调到这里左右，然后为下一段上涨让路，这当然有可能，我们可能还会有一根穿越 K 线。但眼下卖家挡在路上。所以当我看到大卖单时，我会闪开，尤其是如果我刚进场、没有多少利润垫的时候。第二，明显出现隐藏卖家。隐藏卖家是指有买单在成交——比如这里，很多人在 5.55 美元买、买、买、买、买——但价格
2445	纹丝不动。这告诉我们有人在 5.55 美元出货，用的是隐藏订单。做市商可以这么做，使用特殊精品券商的更有经验的交易者也可以。所以如果你看到大量买入而价格没往上走，那是一个警示信号。第三，成交明细上出现一大片红色，可能意味着卖盘激增——它确实意味着这一点——以及可能的假突破或反转。第四，如果一开始冲高、大幅拉升，然后剧烈反转，就会形成长上影线。长上影线
2484	是看空的。我们在这里上一堂关于 K 线的小课：这里有一根 K 线，这是开盘价——我切换一下——这是 K 线的开盘价，这是收盘价，这是上影线的顶端，这是下影线的底端。所以最看涨的 K 线是：在底部开盘，从不走低，一路收在顶部。那是最看涨的。稍微没那么看涨的是什么？嗯，也许是开盘后先回落、然后再涨上来，因为这告诉我们，虽然收得很强，
2522	但在这根 K 线开始时是弱的。再稍微没那么看涨的呢？如果它开盘、走低、然后上涨，碰到这个高点，然后回落一点，收在下面这里。这告诉我们它收盘比高点低一点。所以在这根 K 线内部，本质上发生的是：价格开盘，嘀嗒嘀嗒嘀嗒往下，然后嘀嗒嘀嗒嘀嗒往上，然后收盘。如果这是一根 1 分钟 K 线，那么在这 60 秒里，价格就是这样走的。所以你可以想象，这比开盘后直线上涨的这一根要更看空一点。当然还有
2561	更极端的例子：一只股票开盘后大幅下跌，像这样，这意味着在往下跌、跌、跌、跌的那些时刻，它其实是一根阴线，对吧？然后价格反转，突然间拉升到上面很高的地方。那一刻它变成了一根只有下影线的阳线，因为开盘价在整个时间段里不变，这是开盘，收在这里。现在看起来：哦，我们状态不错。但等等，不对，就在收盘前，突然有一大波卖家涌进来，它就这样跌下来了。那我们
2599	得到的是什么？得到的是一根看起来像这样的 K 线，这叫十字星。当实体非常小，像这样，这是一根犹豫不决的 K 线，传达的是买卖双方的拉锯。你不希望在一只处于这个位置的股票上看到买卖双方拉锯，因为这只股票之前非常看涨，而现在突然在这波行情的最顶端出现了——
2625	我把这个擦掉，这样好给你们演示——在这波行情的顶端，出现了一根这样的大十字星，这是一个反转信号。经常发生的是，下一根 K 线在同样的价格开盘，开始在这里走低，然后像这样跌下来。另一方面，在下面这里，如果你看到那种下影线，它对下一次反弹来说是看涨的，因为它显示虽然走弱了，但买家把它买了回来，我们反弹上去，又反弹上去，然后假设在顶部又出现一根十字星，一根犹豫不决的 K 线，预示着又要回落。所以就今天早上而言，这些就是
2664	我作为交易者非常关注的区域：趋势的变化。我会看这些变化附近的 K 线形状，看那些表示弱势的上影线或表示强势的下影线，我也会检查成交量分布，也就是每根 K 线上成交的股数。我们希望看到的成交量分布是递增的：成交量越来越大、越来越大、越来越大。我们不希望看到的是成交量反过来。
2696	如果成交量一开始很大，随着价格走高逐渐变小，我们称之为背离。背离通常表示，虽然价格在走高，但这波行情背后的力量在减弱，很可能会掉头往下。对于刚入门的交易者，你可能在想：“哇，要实时处理的信息太多了。”我同意，确实很多。在我职业生涯的这个阶段，我觉得这相当直接，这就是形态识别，这是金融市场的视觉语言。就好像你看一张狗的照片，
2735	或者一张猫的照片，你马上就能认出这些是家养动物、是宠物。假设那只狗是金毛寻回犬，于是你就把自己对金毛的所有正面联想都联系了起来：它们是大块头、傻乎乎、快乐的狗，很友善，大概不会咬你，对吧？然后你看到那只猫，假设它是一只暹罗猫，你会想：“哦，我最好别靠近那只猫，它可能会挠我，对吧？”所以仅仅看图案、看照片里的视觉形状，你就会产生这些联想，得出所有这些结论。K 线图也是一样。
2766	你看这个形状，一下子就能对幕后发生的事得出所有这些结论。对新手交易者来说，有个“翻译”会很有帮助。所以我每天在 Warrior Trading 做的，就是提供市场评论，扮演翻译的角色：我把自己看到的东西分享给你，用大白话说出来。我讲解成交量分布，点评那些长上影线，把所有这些不同的数据点汇总起来，用一种你更容易理解的方式还给你。希望是，你听得越多、
2805	上的课越多、重看我交易的存档越多，你就越能消化所有这些数据，最终自己去处理它们。这就像学任何一门语言一样：你听别人说这门语言，你学习它，你越沉浸在这门语言里，就学得越快。当然，在这期节目的下方和评论区里，我放了链接，你可以下载小账户挑战的 PDF。这些 PDF 配合这堂课使用。你也可以做两周试用。你们做两周试用时，可以在我交易时从我肩后收听和观看。
2842	两周试用 20 美元。所以花 20 美元，你就能和我一起度过两周，听我做市场评论，给你 25 年以上积累的有依据的直觉；你还能用这里的这套软件做扫描、看图、搜索突发新闻推送。这就是两周试用包含的内容。所以如果你还没看过，一定去看看。好。在我看来，尊重离场信号大概是交易者面临的最大挑战之一。我对此也有所保留，因为我已经交易了很
2879	久。但我的看法是，选出哪些股票是显眼的并不难：我每天看扫描器，通常交易排名前两三的领涨股，这相当直接。这些股票通常符合我的选股五要素，理解了这五要素，你就能更好地理解这些股票为什么有潜力上涨。但通常我每天就是专注于交易领涨股，所以这相当直接。等第一次回调，这可能有挑战：你得等第一次回调，要有耐心和纪律去等它可能是个挑战。但如果你能做到，那你就能处在一个很好的
2918	位置。但很多交易者栽跟头的地方是离场信号。说到底就是：亏损单拿得太久，这会拉高你的平均亏损，对吧？如果你让一笔盈利单变成亏损单，还会伤害你的胜率。所以是亏损单拿得太久，同时盈利单卖得太早。很多新手交易者都这样：你进场，可能一开始仓位就有点太大，于是你立刻就在考验自己的情绪舒适区，你会想：“哦天哪，如果这笔不成，我会被打爆的。”
2952	所以它一涨一点，你就会想：“我出来了。”这样你就把你的盈利封顶了。你在下面这里的判断可能是对的，但你本该只买 100 股，却买了 1 万股，突然间每股亏 8 美分，就亏了 800 美元。你会想：“哦天哪，这么多钱。”然后它冲上来，你赚了 800 美元，你会想：“我全部卖掉。”你就在这里出场了，然后这只股票最后涨了每股 75 美分。那就是每股 75 美分乘以 1 万股，7,500 美元。
2984	但你是新手交易者，你不应该用这么大的仓位交易。所以用太大的仓位交易，你就会变得情绪化，本质上是情绪被激活了。这是我非常推崇在模拟盘里练习的另一个原因：你处在一个安全的环境里。如果我当初只是在模拟盘里练习、而不是投入真金白银，能省去我多少心痛啊。总之，很多新手交易者的做法是：即使持有盈利仓位，也卖得太早，于是他们的平均盈利变小了；而当他们持有亏损仓位时，却不想止损。
3019	我说的是“他们”，但其实我也一样，因为我自己也经历过。所以别难过，大多数交易者、大多数人在市场上都是这样。我们生来并不具备成为好交易者的心理素质，我们必须训练自己成为好交易者。这意味着要有一套体系，比如我正在和你们分享的这三个步骤，还要训练自己有纪律去遵守这套体系或策略的规则。所以在过去这 46 天里，我的挑战之一，肯定是不够耐心、没有
3057	等到正确的入场点，然后还犯倔、亏损单拿得太久。这百分之百是情绪受损的结果。在那一刻，我没有遵守离场规则：我拿着，我盼着，我犯倔。所以没有人能完全免疫。即使在市场上有多年经验，你仍然可能发现自己在犯倔。所以这一点非常重要：尊重你的离场信号。而用更小的仓位交易时，做到这一点要容易得多。这是我今天这笔交易上三个清晰的离场信号：
3097	第一，成交明细上一片红，所有这些红色，那是一阵集中卖出。第二，来了一个大卖家，那时我已经在卖了。还有一根长上影线 K 线形成了。所以我在大约 2.60 美元先部分离场，很好；然后在它回落时于 2.30、2.23 和 2.12 美元卖出。那就是就在那里形成的那根长上影线 K 线。落袋一部分利润是正确的决定。之后它从大约 2.80 美元跌回 2 美元，然后涨到 3.20 美元，再回到 2.40 美元，然后涨到 3.60 美元。所以对我来说，我的交易方式是：
3136	进场、出场。我在这里的入场其实是在 10 秒图上，在那次小微回调里。当然，这次挑战中我用的是嘉信理财。我会说嘉信理财是一家不错的券商，但它们没有直连券商那么快。在美国有两种不同类型的券商：零佣金券商和直连券商。
3164	零佣金券商通过批发商来路由你的订单。批发商从你的订单流中赚钱，并把一部分利润付给券商，这就是你能享受零佣金交易的原因。但在这种关系里，批发商用自己的内部股份池来成交你的订单，可惜会造成一点延迟。
3189	这在我的小账户挑战中造成了一点情绪上的挑战：我有时觉得需要比行情稍微提前一点进场，因为我担心如果等确认，我就落后了；而当我需要出场时，我担心如果不早点卖，就会卖在一根大阴线里。所以平台的局限性让我的交易方式发生了一些改变，我不认为这是好事。我认为如果你能在一个足够
3228	快的平台上交易，不必为了迁就一家稍慢的券商而改变自己的风格，那会更好。可惜其他的选择就是收佣金的券商，这是最大的缺点。当你做小账户时，你不想把钱花在佣金上，而佣金每天可能高达几百美元。所以如果你在小账户里交易，目标是每天 200 美元，你会想尽可能多地留住这笔钱。所以我的看法是，小账户挑战最适合在零佣金券商做：从 2,000 美元或更少，一直做到 2.5 万、5 万美元，也许
3270	10 万美元。但到了某个点，我发现券商的局限性开始造成问题，开始出现收益递减。我不知道那条线到底在哪里，如我们所见，它不在 10 万美元，但总有一条线在那里，它已经在造成一些问题了。所以我其实认为一个好主意是：从 2,000 美元到 5 万美元或稍高一点，用零佣金券商交易，然后到那时考虑换到一家直连券商，比如我用的那家，叫 Lightspeed Trading。
3306	我用 Lightspeed，这家券商我已经用了十多年。虽然他们收佣金，但他们让我能非常快地进出仓位，所以在那些真正火热的市场里，我可以做非常快的交易，赚到在嘉信理财、Webull 或任何其他零佣金券商那里赚不到的大钱。不过，如果你在这里从一个 2,000 美元的账户开始，那你付的费用和佣金占利润的比例会过高，因为对大多数交易者来说，费用和佣金是每笔、每张单 3 美元。所以不管你做 100
3344	股还是 1,000 股都一样。说实话，一旦你做到 1 万股，那就更合理了。但如果你只交易 100 或 1,000 股，速度可以说没那么关键。所以零佣金券商最适合第一阶段，然后进入第二阶段、做大规模时，再换到更高级的券商。这次挑战中我挣扎过的一个重要教训，是知道什么时候该离开。有好多天我待得比应该的久得多：我本应该直接出来、收工，结果我一直硬撑。所以要知道一点很重要：在任何一天，如果我
3385	吐回了一半利润，我就需要离开。因为吐回一半利润时，我几乎不可避免、无一例外地情绪受损了，我必须离开。如果我触及了最大亏损，就接受这个事实，明天再试。如果我交易得最好的那个时间窗口已经关闭，我就得停。如果不再有 A 级形态，我就得停。如果当天的主题是看空的，就是疲弱的一天、偏冷的市场，我就得停。而且离开之后我不想再回来，这意味着我得停止观看，因为如果我停了手却还在手机上看价格走势，一旦有东西动了我就会 FOMO，然后就会想
3424	回来，想用力过猛去弥补，结果通常就是犯错，让糟糕的一天更糟。所以很明显，我有好几天没有及时离开，还做了低质量的形态。这两个问题都和情绪受损、不耐烦或屈服于 FOMO 有关。所以这是我承认自己在挑战期间挣扎过、在今天的交易中也仍在挣扎的事。你知道，我本可以把所有这些亏损都限制在小得多的金额，但我犯倔了，情绪占了上风。推荐书目包括我已经提过的两本：
3462	《对赌》和《Quit：知道何时放弃的力量》。另外我还要加上《Trade Mindfully》（正念交易）。这三本书都涉及交易心理学，这是在你掌握了交易的基本操作——理解选股、入场点和离场信号——之后，最需要掌握的最重要的东西之一。今天是小账户挑战第 46 天，我锁定了 1.1 万美元以上的利润，让我的账户现在超过了 10.5 万美元。
3494	这是一次不可思议的挑战。我非常感恩过去几天有这么惊人的动能。账户从第一天开始到现在已经增长了 5,000% 以上，保持了 70% 的胜率，比平均略高。盈亏比在 1:1 左右，比我希望的低一点，但这是一次非常好的挑战。对于想继续学习、继续进步的朋友，我鼓励你们下载我为你们准备的 PDF 练习表，或者看看 Warrior Trading 的两周试用，在那里你能真正看到每天在这个社区里用这套软件交易是什么样子。所以，
3533	希望你们加入我们。记住，一如既往，你们每点一个赞，作为这个小账户挑战系列的一部分，我就多捐 1 美元给慈善机构。所以谢谢你们帮助促成了这次挑战，这真的太令人激动了。现在有一个大问题：接下来会怎样？所以在下方留言，告诉我在越过这个大里程碑之后，你们想看我做什么。一如既往提醒大家，交易有风险，我的结果并不典型，无论你跟我学还是自学，都不保证你会成功。所以请管理好风险，在投入真金白银之前，一定先在模拟盘里练习。好，我们下期节目很快再见。我会在
3572	明天一大早 7 点直播。
