0	大家好。今天是周四早上，这周快结束了。今天这期节目，我来拆解一下今天早上市场上涨幅最大的股票。我们有几只股票涨了 100% 以上，截至现在是三只。我会带大家看看我的交易，也聊聊今天早盘交易中遇到的一些挑战：开盘后有停牌，有几起增发，不太好，而且我们还要应对一些非常长的影线，这算是一个有点不寻常的挑战。我们看到的是这样的：一只股票冲高，走出一小波漂亮的行情，好，没问题。
36	然后它下探、下探，然后是第一根创新高的 K 线。我们冲进去，等它开始动起来。突然间，你看到一根 K 线，有那么一刻看起来是这样的：惊人、漂亮、巨大的阳线。但这些是 1 分钟 K 线，到这一分钟结束时，一个大卖家进场，把价格一路压了回去。那这意味着什么？意味着这根 K 线看起来并不是一根大阳线，而是：这是最高价，
63	这是开盘价，这是收盘价，这是 K 线的实体，然后有一根巨大的影线。所以可惜，当出现这样一根带长影线的大 K 线时，它传达的是看空情绪，因为到这一分钟结束时，卖方更强，他们把价格压了回去。于是经常会发生的是——今天我们就看到了好几次——价格随后回落一点，但最终可能沿着 9 均线之类的地方筑底，开始弯上来。我们又开始往上走一点，突然间又出现一根一模一样的大 K 线。但同样，在 K 线收盘之前，
102	卖方又把它压了下去，有些甚至收成了阴线。所以看起来它会是一根阳线，结果却完全反转了。那么怎么应对这些长上影线？嗯，一般来说，我的正确做法是避开那些给我们这种长上影线的股票。这不是我想做的，但我通常发现，一旦一只股票表现出会出现这种上影线的倾向，它还会再来。我们看看 APUS，这是今天早上市场上的领涨股。显然它有过几波大行情。我做了它，但把大部分利润都吐回去了。
139	我们从当天最开始的几根 K 线看起。它就在这里，8:30 刚过冲了上来。所以我们看到了这第一波拉升，如你所见就在这里，从 2.35 美元涨到 3.20 美元，然后回落，当天转跌，我们不喜欢看到这个。但然后它又弯上来，突破 3.20 美元，一路涨到 3.80 美元。那就是就在那里的影线。所以有那么一秒它冲到了 3.80 美元，然后又直接跌回来了，对吧？
167	然后呢？它又冲上去到 4 美元，一路到 5 美元，这根最后收成阴线，我们又被砸下来。现在有了这两根长影线。然后又来了第三次。然后就在那里冲高、被打回。然后就在这里回落了一点。所以对我来说，挑战之一是：怎么交易一只有这么多长影线的股票？很难信任它。所以它先冲一下，回落，反弹上来，回落。于是我决定就在这里买这次回踩，这是我在 APUS 上的第一笔交易，因为在这次下砸之后它又反弹上来了。所以我想：下砸、
204	反弹。于是我就在那里的回踩中进场，在它反弹时做成了一笔不错的小交易。它下探、冲回、下探、又上来，我决定就在这里重新进场，以为它终于要突破高点了，结果被打回，这让人泄气。但如你所见，它最后确实又上来了。尽管又一根长上影线，又一根长上影线，然后在上面 7 美元形成双顶。所以这只真的很难做。
235	它很沉重，卖家很多。就在这里一次大的被打回，而那次被打回时我还拿着，因为我在等它回测当日高点——嗯，我看看，不对，抱歉，我在等它突破当日高点。高点就在这里 7 美元，我就在这里进场博它突破 7 美元。它冲上去，又一根长影线，砸下来，我说：我不卖，我在回踩中加仓、加仓。它反弹上来，又回落，我止盈了，那里是一笔小赚。开盘时回落，
269	反弹，我就在那里的小微回调中买入，等到了这波拉升。但我从赚变亏、再反弹回赚。所以我的盈亏和昨天很像。如果你们还记得昨天——哦，这个留着，这是画像，是我们要留意的那类股票。如果你还记得昨天，我的盈亏大概是这样走的：赚 5,000、赚 1 万，我想到过 1.5 万，然后一笔交易砸到亏 1.2 万，然后又反弹回来，昨天最后赚了 9,900 美元左右。这是我昨天的收尾。今天有点类似：开局赚 2,500、赚 5,000，然后砸到亏 5,000，当天转亏，
310	然后又反弹回到这里的正数——我现在是多少？2,992.62 美元。所以这周我没取得太大进展。周一 1 万，周二 1.3 万，昨天 9,000，所以大概三四万美元，3.5 万左右。我是说，我没什么好抱怨的，但这个月一直挺难的。我们就是没看到真正漂亮、干净的行情。我是说，RETO 和 JAGX 除外，但它们发生在不寻常的时间，而且有点像昙花一现，并不是围绕
348	一个清晰的主题。事实上，我昨天就在想：上一个真正明显的主题是什么？就是一只股票发布那种标题，你就相当有信心它会拉升至少 100% 的那种。我能想到的上一个是加密货币国库策略。然后有人提醒我，我们确实有过一些非常好的 AI 催化。好。然后有人说：“那 SpaceX 呢？”嗯，SpaceX，我们只有几只股票发布了和 SpaceX 挂钩的标题，或者是月球、太空数据中心、低轨道数据中心之类的。所以那有点边缘，我们有过几个催化，但也就两三个。八月我们
386	有一堆没有新闻的中国股票，但那不是一个容易摸准的主题，因为你要怎么办，每只没有新闻的股票都买吗？嗯，那感觉不太安全，也确实不安全。所以我们已经有一阵子没有一个真正扎实、可以操作的主题了，我等不及下一个主题出现。你永远不知道它会是什么，它会是个惊喜，不会是我们预料之中的东西。但这类股票，出了一条标题，好，没问题；它反弹上来，也没问题。但这只就是真的非常难做，这就是这只股票的个性和特点。
423	所以事已至此。我们在开盘时等到了拉升，然后它最后掉头往下、回落，就这样了。我们还有 GLND，格陵兰能源，不过它在慢慢往上磨。这只不适合做日内交易，因为它交投非常厚重，你不可能剥头皮、快进快出。你得愿意进场、设好止损，然后让它走。如果你能做到，就能在它上面吃到一波不错的行情。但如果你想快进快出、管理风险、不持有太久，这只股票就不适合那种策略。所以 GLND 没做。PFSA，这只最后在盘前冲高，我们在这里等到了一波非常漂亮的拉升。
461	结果我在这只上赚的比在 APUS 上赚的还多，尽管 APUS 实际涨得更多。就这只来说，我们先在那里冲高到 4.50 美元，回落，然后就在这里出现了什么？那是什么形态？那是反头肩形态。所以你看到回调、下跌、收复 VWAP，然后弯回到高点。然后下探，试图在这里突破，但在 4.50 美元形成双顶。回落。然后就在这里又上来，等它弯上来穿过 VWAP，失败了，
492	没发生。开盘时我就在那里小亏了一笔。回落，又弯上来。能不能回到 4.52、4.53 美元的当日高点？不行，做不到，最后回落了。所以这只只做了几笔小交易，只赚了 2,000 美元，没什么激动人心的。APUS 现在又多跌了一点，所以那只此刻看起来不太好。然后我在想是哪一只——哦天哪，是哪一只做了增发来着？我得回到扫描器上找。所以我们有……在我找那只增发的股票时，我们先看看 PMAX。PMAX 开盘后立刻上涨停牌，它是一只没有新闻的中国
532	股票，在 1.29 美元上涨停牌，复牌时到了 2.80 美元，难以置信。然后第二次上涨停牌，然后在下面这里 2 美元复牌，在 2.20 美元上涨停牌，这不好。然后复牌、下跌停牌。现在它从大约 1.60 美元反弹上来，又上涨停牌了。这非常难做，你怎么可能管理风险？你做不到。这就是这些停牌令人沮丧的地方：它们本来是为了保护交易者设计的，实际上却让你在某些股票上几乎完全是在赌博。你在停牌里时完全不知道它会高开还是低开。目前 HCWB 也在停牌中，
569	在 2.38 美元上涨停牌，HCWB 现在显示的复牌价是 3.20 美元。在某些券商那里有 Level 2 行情数据，能让你看到复牌报价，知道它会在哪里复牌，这是非常有用的信息；但如果你用的是 thinkorswim 这类券商，你就拿不到这个数据。好，它刚复牌，正在往下跌。下跌停牌价 2.50 美元，上涨停牌价 3.74 美元。所以现在我们在这次小回调中。
597	有些交易者可能会买这次回踩，博它弯回 3 美元以上。我认为这有风险，你最后可能又被困在一次停牌里，或者停牌前已经在里面的人会抛售股份。成交量主要在卖方：放量阴线，就在那里 2.50 美元下跌停牌，价格被钉在下跌停牌价上。所以现在它在下跌停牌，你基本上坐了一趟过山车。所以那是个陷阱，那不是一个有效的机会，那里什么都没有。可惜很多交易者因为——我想——没有别的可做，就被困在这些陷阱里，这很令人失望。我看看，还有几只：APUS，YMAT，
636	这是今天早些时候冲高的另一只，冲高、回落，基本上坐了一趟过山车，然后又上来。DBGI 也是一样：冲高、回落，非常难以信任。GCTK，这就是做了增发的那只。它一直在盘整，盘后开始异动，横盘，然后就在那里因增发消息砸了下来。所以我确实预计增发之后会有一点反弹，它也确实反弹得不错。我没做，因为我觉得那有点像在刮锅底了，我也没急到非要做一笔交易的地步。所以今天是本周到目前为止最小的绿日，
675	但嘿，是绿日，没什么好抱怨的。今天我直播得稍微久了一点，在开盘区间一直在做评论，所以这期复盘上传得晚一点。对于想多了解一点像我这样的交易者、动能交易者是什么样子，用这套软件看图、扫描、看突发新闻是什么感觉，或者听我的实时评论是什么感觉的朋友，去看看两周试用的链接，它置顶在评论区，也放在说明栏的最上面。我也照例提醒大家，交易有风险，我的结果并不典型。所以请管理好风险，在投入真金白银之前，一定先在模拟盘里练习。我们
714	明天一大早 7 点直播见。
