0	大家好。今天这期节目，我们来聊聊一只股票今天是怎么看似涨了 1,500% 以上的。这是一波难以置信的行情。不过，虽然它确实走出了这一大波，但如果把镜头拉远，更大的背景是：这只股票在大约 4 美元一股时被停牌，停了好几天，复牌时是 10 美分一股，然后拉升到 1.60 美元。那么，这真的是 1,500% 的回报，还是说一周左右的时间里
42	跌了 75%？好，我们进入复盘，开始拆解。MGN 从技术上说是今天的领涨股，但我还是认为对这只要打点折扣来看，因为它是在大约 4 美元时停牌、然后在 10 美分复牌的。遗憾的是，这种停牌在生物科技领域并不算罕见：一家生物科技公司专攻某种非常特定的疾病，然后出了非常糟糕的
81	临床试验结果。但这不是一家生物科技公司，这是一只外国上市证券，一只马来西亚股票，流通股很小，市值很小。基本上它是那种交易非常清淡的公司，平时几乎没有成交量，但时不时会有一波关注度激增，交易者扑上去。所以如你所见，今天早上我们看到的就是这种突然的拉升，我会说这真的相当出人意料。于是就在这里，它从大约 10 美分
121	一股开始，从 10 美分涨到 15 美分，再到 27 美分。我第一次在扫描器上看到它时，它大约在 27 美分一股。通常我对交易仙股不太感兴趣，但今天市场实在太慢了。这是从凌晨 4 点开始的整个扫描：ACCL 凌晨 4 点冲高，然后回落，你可以看到那张图，我给你们稍微调整一下。所以 ACCL 冲了一下，没什么激动人心的。然后是 YMAT，凌晨 4 点冲高，中国股票，没有新闻，回落。好吧，没什么可做的。然后是 FGL，这也是一只马来西亚股票，凌晨 4 点
160	冲高、回落。所以这些冲高有点像陷阱：它们在非常小的成交量上拉升，一些交易者扑上去，然后又直接跌回来，根本维持不住涨幅。SU 冲高，这是一家可再生能源太阳能公司。太阳能股不会一天涨 200%、300%，几乎从来不会发生。即使现在油价偏高，而这对可再生能源是一种催化。你可以看到这是 USO，美国石油基金，处于七月以来的最高水平，当时在这里一路涨到 154 的峰值。所以我们正在回到
199	六月时的那些水平。但尽管如此，太阳能股通常表现不太好。所以那只失败了。LABT，这只冲高了，嗯，没什么。然后是 BIAF，就是上周大涨的那只。不过第一天走得没那么干净，然后是第二天、第三天，一直到第四天的延续行情，然后就在这里回落，再反弹上来。这只是从低点小幅反弹，标题是他们重新符合了上市要求。对我来说，重新符合上市要求算不上什么有意义的催化，我是说，这就是没什么大
239	不了的。总之，然后是 TN 冲了上来，这只真的很有意思。TN 就在这里 8:55 开始下跌，正好是 MGN 开始冲高的时候，几乎就在那一刻。所以 MGN——其实抱歉，就在那之前还有另一只仙股冲了上来，哦，我现在想不起来了……我看看，有 TN、AGRZ。AGRZ 在 8:55 开始冲高，这把注意力从 TN 身上引开了。然后
278	MGN 出现在扫描器上，开始拉升。这是那种有点……我是说，有点不真实的行情：一只股票从 10 美分一股，突然一路闪涨到 1.23 美元。然后如果我放大看，它在这里跌回 43 美分的低点，然后就在这里拉升到 1.59 美元，然后又跌回 30 美分。
306	我几乎要说，这是一种“机会的错觉”，这里其实并没有真正的机会。它波动如此剧烈、又如此短暂，你可能只是浮盈、还没按下卖出键，行情就没了。RML 是另一个例子，这只股票今天也拉升了。我们也在 10 秒图上看，看这张图。10 秒图非常清楚地显示，这波上涨背后没有真正的成交量。但如果你在 5 分钟图上看，可能会有点 FOMO：天哪，
344	这只股票从 8 美元涨到了 30、40 美元。但成交量说明了一切：它是在不到 5 万股的成交量上做到的，没有真正的流动性。这是机会的错觉、火热的错觉。当市场冷下来时，这是我们必须非常小心的东西。当然，我们很想做交易，很想抓住一波大行情，但我们不想掉进陷阱，买入流动性很低的东西然后被套住，因为那样一来，你突然就把一个慢周变成了全年最大的红周。这可能发生得非常快。所以这就是我今天的做法。我没
384	指望会有什么大机会，小账户里一笔都没做，我觉得市场大概不值得做。所以我就坐在这里等。BIAF 我说服自己放弃了，因为它的日线图真的不够强，相对成交量低，不够符合我的选股五要素，五条只满足三条，我觉得那不够做一笔交易。但我们有 TN，TN 冲上来，它刚开始动时，我想：好，有可转换票据提前偿还的消息，还不错，流通股挺低的。你知道吗？我试一下。所以我在它
422	还在往上拉的时候进了场，就在这里，这波上涨的中途。我在 10 秒图上给你们看那次入场。这笔交易唯一不走运的地方是……我看看。我进场是在……就在这里，下面这里的那次回调。我给你们看我的仓位：我在 4.24 美元买了 5,000 股，在 4.36 美元卖出，赚了 620 美元。
448	为什么只有 5,000 股？因为我今天早上刚登录时，忘了从传统保证金账户切换到我的退休账户。我在 Lightspeed 有一个保证金账户，里面钱不多，我通常不在里面交易。所以 5,000 股是我最多能买得起的。我买了，想加仓却加不了——嗯，其实也许我能加更多，但总之我买了之后立刻收到一条通知，因为我设了一个限制，提醒自己不要在那个账户里交易。所以我收到了这条通知，意识到：哎呀，我在错误的账户里。所以我没加仓，把仓位卖了，然后切换到我的退休账户，
487	想着可能再做几笔，结果再也没有形态了。所以今天我的退休账户一分没赚，真郁闷。我在应税账户里赚了 600 美元，这也还好。我是说，小账户挑战也是在应税账户里做的。但我更愿意把大部分交易集中在免税账户里，因为在现阶段这对我来说更合理。总之，这就是我在 TN 上的那一笔，大约每股 7 美分，在……多少股来着？
519	抱歉，是每股 12 美分，5,000 股，这就是利润。一个小小的安打。它在这里回调，进入这段盘整期，又弯上来，这里有很多大卖单，回到一个完美的双顶。我能不能在大约 4.30 美元做一笔、博它回到 4.50 美元？可以。但我就是没信心。我对自己说，在这个市场里如果你没信心，最好就等着。我就等着。然后就在 8:55，这只开始下跌，因为另一只仙股开始冲高。所以注意力转移得非常快，然后我们看到 MGN 这一大波冲高，它现在的成交量
558	高达 7,800 万股，当然今天它也反弹上来了，我们看到从 35 美分拉回到 75、80 美分。所以如果你在下面低点买了 5 万股，你其实能做成一笔相当不错的交易，我相信也有人做到了。但我通常发现自己在这些低价股上做得不好。所以在冷市里，我真的不想冒险走出自己的安全区，感觉现在不是做这种事的时候。所以我选择以耐心为先，保持专注。虽然这周我没什么成绩可展示，但截至目前，这周是一个小绿周。
598	这也没关系。如果整周最后都有点落空，周四周五也没什么机会，也没关系。你看，冷市就是这样。当它热起来时，会感觉像有人打开了电灯开关。突然间，砰，我们开始看到巨大的行情，简直是天壤之别，几乎就像在两个不同的市场里交易。它是同一个市场，但情绪截然不同，价格走势也截然不同。所以当市场热的时候，我发现进场、出场、锁定利润都容易得多。而像现在这样冷的时候，最难的是有纪律地按住双手，
636	耐心等待下一段火热行情。好，感谢大家今天收看，我也照例提醒大家，交易有风险，我的结果并不典型。所以请管理好风险，在投入真金白银之前，一定先在模拟盘里练习。我明天一早就回来，7 点直播。
