1	大家好。今天这期节目，我来分享周二早上观察清单上的三只股票。没错，没有周一早上的观察清单，因为劳动节周末周一休市。挺失望的。你知道，大多数人很高兴有个长周末。当你讨厌你的工作时，你会爱死长周末。但当你热爱你的工作时，长周末就像是：“哦天哪，我周一要干什么？我没法做我热爱的事，也就是坐下来交易。”所以对你们大多数人、对我来说肯定也是，我很期待周一早上。每到周五，
39	想到市场周六周日要休市，我就有点郁闷。所以当我坐在这里准备给你们整理这份观察清单时，想到要熬过三天的周末，我有点泄气。而且我前面还有大约 18 到 20 个小时的车程。我现在在加拿大，过去两周一直在路上，和我的两个儿子露营，每天都在这辆车里交易，过得很开心。这是一辆 Sprinter 厢式房车，车顶装着 Starlink 卫星天线和两块太阳能板，电池组就在这张长凳底下附近。你知道，即使我一直在
78	不接电网地露营，我每天仍然会交易大约 2 个小时，从 7 点到 9 点左右，因为我真的很喜欢做这件事。对我来说，每天坐到电脑前，都像是坐到一道谜题前。每一次尝试解开这道谜题，我都能得到很大的满足感。如果我成功解开了谜题，那天我就带着一点利润离开。这道谜题很大程度上基于形态识别和记忆，非常视觉化。所以每天我都在看那些有突发新闻、正在走高的股票，我寻找特定的 K 线形态来入场、管理风险，
117	然后希望能锁定一些利润。当然，你可以想象，不是每天都是绿日。但即使在亏钱的日子，我通常也不会那么泄气。事实上，我常常只是觉得：哇，今天有机会，我有点搞砸了。但你知道吗？球又回到我手里，明天我还能再试一次。这是因为我从不允许自己一天亏掉的钱，超过我大概几个好日子能赚回来的。当然也有一些例外，但大多数时候我就是这样对待交易的，每天能坐在这里、市场即将开盘，我都很兴奋。所以长周末有点让人郁闷。
155	但这个长周末你可以做一件事，如果我是新手，我绝对会这么做：研究一下这个夏天的一些大行情，因为这能帮你为下一个热周期做好准备。下一个热周期会从周一或周二开始吗？嗯，周一显然不会。周二大概不会，但也许会。不管它什么时候开始，你都要确保自己已经掌握了能从过去几个月的动能行情中学到的一切，这样你就能更稳定、更有利润地交易下一批大行情股票。
190	这对我也一样。我是说，这个夏天我们有过一些很棒的动能，我抓得还算不错，但本可以做得更好。在“解开成为盈利交易者这道谜题”的尝试中，总有改进的空间，总有改进的空间。所以我要回到这里的六月，然后往后跳到八月底。这是我的 Roth IRA，我的主交易账户。我切到详细数据，我们整体看看过去这 3 个月的表现：利润大约 111.8 万美元，胜率大约 65%。
229	平均盈利，如你所见就在这里，7,000 美元；平均亏损 4,600 美元。如果我们再细看一点，看盈利和亏损：这些是过去 3 个月里你应该去看图的股票：EDHL、STI、JWELL、IPST、UTSA，愿意的话截个图，CUPR、PPCB、GEM、LABT。这些是给了我们一些最大行情的股票。这些是我亏得最多的股票，
257	这些也值得看，看看哪里有改进的空间。有没有什么理由让我本该避开这些股票？当然，如果你翻看我的复盘，可以找到我交易每只股票的那一天，研究得更细，欢迎你们这么做。但你知道我还鼓励你们做什么吗？因为这是劳动节周末，也就意味着我们一年一度的劳动节促销将在周二结束。所以这周二劳动节促销结束，这是你享受 Warrior Starter 和 Warrior Pro 会员特别折扣的最后机会。所以如果你已经在视频平台上关注了
296	很长时间，或者某个时候做过我们的两周试用、喜欢你看到的内容，只是当时时机不对，也许现在是你迈出这一步、成为会员的好机会。用劳动节促销成为 Warrior Pro 会员，你还能享受这里的 7 天满意保证，也就是你有整整七天待在课程里，看看它是否适合你。如果出于任何原因不适合，你可以退出并获得全额退款，没有任何附加条件，不用跳任何圈子。我们把它做得非常简单，因为如果它不适合你，我们不希望你被困在一个你不满意的东西里。所以，
333	希望你们去看看。然后你可以在这个周末真正学一些课程，为周二早上做好充分准备。我前面有 18 到 20 个小时的车程，我有点希望自己有一个可以深入钻研、真正投入进去的东西。但我好像没有。我现在没有在学什么新东西，没有 20 个小时甚至更多的内容可以在路上听。
367	我想我可以直播 20 个小时，做 20 个小时的问答，那能打发掉一些车程。但我想我也不会这么做，因为那听起来只会让一段很长的车程更乏味一点。而且当然，开车时你真的不应该盯着手机。所以对我来说，这趟车程就是听我的儿子们时不时在后座斗嘴，然后我应付那个问题：我们什么时候到？我们什么时候到？但对你们来说，希望你们能好好利用这个长周末。
405	好，如我们所知，到了八月底，虽然我有一个很好的收尾，或者说一个很好的夏天，但行情确实冷下来了，如你所见。我们在干什么？这是什么？盈亏期望值。这里有什么没同步好。我刷新一下，看能不能让它正常工作。我是不是放大到某个具体代码上了？好。我们就选年初至今，然后我把这个改成六月。
437	我看看。我想做的就是看看过去 3 个月左右的表现。你可以看到这里我有一波非常漂亮的上涨，稍微横盘，又一波非常漂亮的上涨，中间有几次较陡的回撤，然后在接近顶部这里有点走平。在我拆解我在看的这三只股票之前，我想和你们分享一件我在交易中真的很挣扎的事。这时候我通常会切到全屏摄像头，这样你们能真正……因为这部分我不会看图表，我只是想给你们解释一下这件事，但我在这个移动交易站里的设备不太适合这么做。
475	嗯，我想我大概也可以，但总之我就不麻烦大家了，效果不会那么好。总之，这是我作为交易者一直在挣扎的一件事：在市场冷下来时把脚从油门上松开。这绝对是我的阿喀琉斯之踵：即使行情在放缓，我还是冲得太猛，然后开始吐回利润、承受大亏损。
503	这一直是我的问题。有些交易者的问题正好不同：他们很难加大仓位，很难把油门踩到底。这对我从来都不难。我能把油门踩到底，难的是松开油门。所以经常出现的情况是：当市场开始冷下来时，会有一些警示信号。你知道，我会因为建了大仓位、犯倔，而出现一笔非常大的亏损。八月我们就见过几次，对吧？我们已经看到这些“鸣枪示警”了。
538	所以八月，砰，一个亏 7.3 万美元的红日，但第二天我就赚回来了。所以我想：好吧，也许那只是糟糕的一天。然后一个亏 6.4 万美元的红日，嗯，两天后我全赚回来了。然后是几个无交易日，专注于小账户之类的。一个绿日，几个红日，一个扎实的绿日，那里这些红日稍微温和一点。然后进入九月，又有几个红日。但现在绿日越来越小。而我正在给自己埋下的隐患是：
577	如果我们继续看到我们一直在看到的那种程度的假突破，我就连小绿日都拿不到，而红日会越来越大。所以我注意到市场上有一种祝福与诅咒并存的现象：当市场热的时候，很多很多交易者被吸引到热市里来交易。
603	他们会想：“哦天哪，这么多股票在动，我想进这个市场。”诸如此类。所以当市场热的时候，你会看到这些交易者涌进来。因此在热市里，市场的成交量会增加，交易量更多，对吧？因为交易者更多了。这意味着流动性更多。所以当市场热的时候，你可以用更大的仓位交易，于是在热市里你赚得更多。这是祝福。然后当市场冷下来时，交易者们就会说：拜拜，我不干了，我走了，我休息一下。于是突然间成交量下降了。
642	这意味着你也必须降低仓位，因为如果你继续用大仓位交易，你会吃到越来越多的滑点，因为流动性更少了。这意味着如果你继续用大仓位交易，你的盈利会更小，而亏损会更大，这就形成了负的盈亏比，从统计上讲你更可能亏钱。所以当市场冷的时候，会变得加倍冷：不仅机会更少，你还得用更小的仓位去做这些机会。而我不喜欢这样做，我会犯倔，继续用大仓位交易，有时会成功，然后最终我会在一笔或几笔
681	交易上被彻底打爆，给自己挖一个深坑。然后一旦我陷入回撤，到了那个坑的最底部，我才会想：天哪，我已经连着两个、三个、四个红日了，不能再这样下去了，我得踩刹车，或者把脚从油门上松开，现在我得降低仓位了。嗯，可现在损害已经造成了。现在我已经吐回了 15%、20%，我处在一个更情绪化的状态。在这里我不想松油门。我真希望当初在上面那里就松开油门，但我没有。现在我在回撤中，现在我觉得在合理时间内把亏损赚回来的唯一办法，
718	就是维持较大的仓位。不幸的是，维持较大的仓位正是让我陷入这种局面的原因，也是会让我再往下走一步、再走一步，直到最后我在情绪失控中把热周期里赚的全部吐回去的原因。我见过交易者这样，我自己也这样过。所以尽管降低仓位不是我想做的，但它是市场要求的，而把脚从油门上松开是对我来说最难的事。再说一遍，这是我挣扎的问题，我不知道你们是否也一样。如果是，告诉我，我们看看有多少人也在为此挣扎。有些人挣扎的是
757	不够激进，他们觉得在热市里总是没能充分利用；另一些人挣扎的是在行情变冷时让自己冷静下来、放慢节奏。我挣扎的是在变冷时放慢。不过，我想我也可以说，我回头看热周期时也会想：我本应该比当时更激进，尤其是考虑到现在行情有多冷。我真希望当时更激进一点，能多赚一些利润。所以我想我们每个人都处在这条光谱上的某个位置：交易性格非常激进，或者非常保守。我倾向于更激进的一端，总的来说这让我受益匪浅，
795	但你知道，我也会陷入这些回撤更大的时期。所以如果我们看我盈亏的年初至今数据，你会看到今年总体上——我们得切到详细数据，然后是盈亏期望值——现在我是 210 万美元，胜率 66%，平均盈利 5,000 美元，平均亏损 3,000 美元。这是年初至今。所以这是我年初至今的盈亏。你看，我并不是完全稳定的，有一些表现不佳的时期，一些表现超预期的时期，再稍微低一点。
828	事情就是这样。我们看看去年全年。去年的年初至今——不对，抱歉，就是去年。去年更像是这样：表现不佳，然后一段非常热的时期，然后有点慢，非常热，然后我们放慢了。我想就是在那里，我亏了 17.3 万、大约 20 万美元，就在那里，你知道，那挺郁闷的，花了一点时间才赚回来。这种事会发生在我身上。我是说，我会承受六位数的亏损，然后，你看，我硬扛下来，重置，第二天又回来了。
866	但我会努力提醒自己，如果我一直这么猛，这些亏损只会成倍增加。我说这些，是因为我想让你们知道，无论你处在职业生涯的哪个阶段，即使是像我这样做了很久的人，也有可能挣扎的地方，我当然也有需要改进的地方。我认为知道这一点是有帮助的，这样你就会意识到你并不孤单，而成功并不意味着你突然就摆脱了所有这些缺点，或者所有那些有时可能导致亏损的特质。
907	真正的成功只是意味着，大多数时候你能在情况变得太糟之前离开，并且能以一定程度的冷静重建。同样，这一切都处在一条光谱上。所以现在我们展望下周：鉴于上周行情有多慢——我们回到日历看一下，上周真的很慢——我们现在正处在一段非常慢的时期，这有点让人泄气。那周二早上我们该期待什么？
940	嗯，我认为我们应该预期行情暂时会继续很慢。我们不知道什么时候会有另一只股票走出不可思议的行情，涨个 500,000%，然后点燃下一波动能。这随时可能发生，但也可能在一段时间内都不会发生。所以我们能做的，是专注于用更小的仓位打安打：进场、出场，拿下那些每股 15、20 美分的盈利。事实上，我的职业生涯就是这样建立起来的。当然，市场热的时候我赚得多得多，但稳定地打安打，是我这么多年来一直坚持在做的。所以我周二的计划是：
980	我醒来后做的第一件事，就是看这里的这个扫描器，也就是我的涨幅榜扫描器，它会显示周二早上的领涨股。现在我已经在查看周五的盘后涨幅榜扫描器了，用它来了解周五盘后时段什么在动，这样我就能大致知道周一——周二——早上的观察清单上该有什么。第一只股票是 ISPC。ISPC 就在这里，在盘后时段走出了一波行情，流通股 200 万股，成交量 650 万股。它是一家美国公司，在医疗保健领域。如你
1018	所见，这只从大约 1.55 美元涨到 2 美元，收在盘后高点，这是一个非常看涨的收盘位置。如果我们把图往外拉一点，你会看到这只股票过去几天成交量非常非常小，几乎没有成交量。你看日线图，会看到它后面这里有过一些红日，他们做过反向拆股，
1042	冲高过，然后基本一路下跌。但现在我们到了这里，稍微筑了一点底。这就是我们看的最近在大约 1.40 美元附近的这个支撑区域。所以 1.40 美元是低点，那是你的支撑。所以如果你在大约 2 美元进场，你离支撑有 60 美分，按百分比算不算少，但它仍然离这里的历史低点相当近。200 均线在大约 13.50 美元。所以如果它开始弯上来，上方有空间让它重新走高。于是我开始在日线图上画出几个价位。我注意到的第一个大约在 2.96 美元，就在那里，基于
1080	这个区域和这个区域的阻力。如果我们突破 2.96 美元，那么从 3.38 美元开始还有另一个小窗口，给我们一直到大约 4.49 美元的空间。如果我们突破那个价位，那么往左上看，这个区域开始出现较小的 K 线，能让我们涨到 5 美元甚至更高一点。所以我不一定预期它会走完这全部。但这些就是我在日线图上看的缺口和窗口，帮助我了解可能在哪里遇到阻力。所以 ISPC 是清单上的第一只。它很有可能在周二早上 4 点、很早的时候就动起来，然后到
1121	6:30、7 点时已经有很大的成交量，没什么机会了，但它是我会留意的第一只股票。我会看的第二只股票，其实是周五的 IMRN。IMRN 走出了这波 60% 的行情，回调一点，然后基本上整天都守在这里。所以任何做空它、希望它慢慢回吐的人，都没等到那个结果。这意味着我们可能开始形成一个头肩形态，这会是一笔安打式交易，从大约 1.80 美元回到 2 美元。你也许能拿到多一点，但我不会把目标定得
1158	高太多。它不是本垒打形态，只是那里的一个小安打。仅仅是它没有自己慢慢走弱、掉头往下这一点，就相当看涨了。这同样是一家医疗保健公司，这只是澳大利亚的，这没问题，它不像那些中国、马来西亚或新加坡公司。然后我观察清单上的第三只股票是 SLE。SLE 是一只成交量较小的股票，在盘后交易中开始稍微冲高，大约 25%、30%。如果你看这个，它是一只之前冲高过几次、然后回落的股票。现在我在想，它会不会弯回到之前
1196	大约 7.37 美元的阻力位。如果能突破那个价位，那上面到 200 均线还有更多空间。不过图上后面这些区域也有一些阻力点，所以有几个区域要注意。但我们真的需要突破 7.37 美元，才能越过这两天 4,000 万、5,000 万股的高成交量区。所以如果能突破那些价位，它就开始变得有意思多了。所以我会为了这种可能性把它放在观察中。我不确定它能成，但那就是我要找的。
1229	我周五交易的股票是 AAN，这只股票最后出现了盘后异动、盘前延续，然后随着时间推移掉头往下，收跌 7%，相当惨淡。所以我对现在的市场期望相对较低，但我会继续每天到场，专注于努力锁定几个安打，尤其是我的小账户，它在第 43 天挨了一顿打。我需要努力把那个账户重新拉回到 10 万美元附近。
1262	所以那需要一些专注。至于我的主账户，我只是觉得，九月到现在开局太慢了。一方面，我可以继续靠 5,000、1 万、1.5 万、2 万美元的日子一点点积累，那样可能把这个月做成一个 20 万美元的月份。另一方面，我有点想专注于小账户，等机会好转，这样我就可以在大账户里做一笔、两笔或三笔六位数的交易，而不是做很多很多小交易。就是小账户里做小交易，
1299	大账户只在行情真正开始动起来时才出手。这种方法的风险在于，我们可能根本等不到那样的大行情。我给你们举个例子。这次露营时我挺丢脸的，玩大富翁输给了我的两个儿子，输得相当惨。你大概也知道，大富翁是一个让家庭分裂的游戏，好几次棋子都被扔了出去，这是一个非常情绪化的游戏。我用的策略是：我要攒钱去买价值最高的地产。所以我
1338	要挑挑拣拣：我走到地产格子上也不买，我要等，我要等，我想买木板路、公园广场，我要绕到宾夕法尼亚大道，那才是我要买的。结果你猜怎么着，我一次都没走到公园广场那些格子上，那些地产一个都没走到，它们被游戏里的其他玩家买走了。不知不觉我就坐在那里，只有两块地产、一大堆现金，而其他所有人都凑齐了垄断，我被慢慢放血直到出局。这就是挑挑拣拣、而不是来什么接什么的一个例子。
1376	来什么接什么，这在大富翁里显然是更好的策略。在市场里是更好的策略吗？嗯，两者都有一定的不确定性。在大富翁里，你不知道自己会不会走到那些好格子上，或者就算走到了，到那时情况会怎样，是不是已经有人买了。在交易中，我们不知道冷市会持续多久。所以如果你说：“哦，冷市的时候我根本不交易，我就等热市回来。”你可能会在场边待几天，可能会待几周，甚至可能待几个月。
1411	而对我来说，几个月的安打式交易就是几十万美元的利润损失。所以要我嗤之以鼻地说“不，我不做安打式交易”，我从来不认为那真是个好主意。我认为总是更好的做法是每天继续交易，拿下安打，有自控力和克制力，不在任何东西上重仓。当行情重新热起来时，你就处在一个很好的位置，可以直接放大规模。不过因为我在做小账户挑战之类的，冷市确实比较适合在小账户里专注打安打，让大
1448	账户先在架子上放一放。所以我觉得这有一定道理，但我一般会说，更好的做法是每天到场，不要挑挑拣拣、等行情好转，因为那看起来像个好主意，但在实践中似乎效果并不好。而且也有可能，在你以为会成功的那天，你加大了仓位，结果那天大败，现在你反正还是在回撤中，而且可能是相当大的回撤。所以这是给你们的一点思考。但如果你还没看过，我真的鼓励你
1486	去看看我们的 Warrior Starter 和 Warrior Pro 会员。趁劳动节促销还在，抓紧享受，周二就结束了。我很期待周二一大早再见到大家，我会在美国东部时间早上 7 点直播。谢谢大家。一如既往提醒大家，交易有风险，我的结果并不典型，无论你跟我学还是自学，都不保证你会成功。所以请管理好风险，在投入真金白银之前，一定先在模拟盘里练习。
