1	大家好。今天这期节目，我来拆解一下市场上正在发生的一个转变。它从上周开始，本周周一、周二正在真正延续。事实上，如果我们现在把市场作为一个整体来看，我们的领涨股只涨了 58%。它是 GoPro，一只流通股 1.6 亿股的股票，有合并催化，这没问题。但第一，领涨股只涨了 58%；第二，它是一只流通股 1.6 亿股的股票——这确实说明了市场的情绪。所以这次转变，是从买方掌控转向
40	卖方掌控。掌控点已经从买方转移到了卖方。所以在卖方掌控的这些时期，我们这些偏多的交易者必须非常小心。现在八月已经载入史册，我们正在开始一个全新的月份。我想以锻炼纪律来开始这个月：保持专注，重质不重量，认识到只要几笔真正好的交易，就有能力创造一个不可思议的月份。所以在我们深入今天的一切、进一步聊聊正在发生的这个转变之前，
79	我们先回顾一下八月。这是一个我非常鼓励你们每个人在自己的交易中都做的练习。不管你用的是 TraderVue——我用来分析交易历史的软件——还是别的平台，其实都无所谓，它们本质上做的事情差不多：把你的交易汇总起来，让你能看数据，更好地了解自己的优势和劣势。我想看的是劣势，因为那些大概是你真正应该停止做的事情。如果你能停止做那些事，可能会对你每周、每月、每年结束时的盈利
118	产生非常显著的影响。所以当我回顾八月时——顺便说一下，我把这个挪过去一下——如果我到 warriortrading.com 的页脚，你会在下面这里看到我经过核实的收益。我在新标签页里打开。我 2026 年的收益，每年年底我都会做一次审计，审核我全部的交易利润。顺便说一下，Warrior Trading 的劳动节促销现在正在进行中。所以对于那些一直在犹豫、考虑加入、做过两周试用但当时没加入的朋友，看看 Warrior Starter 和 Warrior Pro 会员的劳动节促销折扣。好，如果我
156	切到 2026 年，你会看到我所有的券商对账单，八月的现在已经更新了，就在下面这里。我今年开始时账户里大约有 9.6 万美元，那是我年初的起始余额。事实上，它和我小账户现在的余额非常接近。到八月底，我的余额大约是 210 万美元。所以今年账户增长得非常快，这很棒。然而，如果我们看八月，你也会看到一个亏 7.4 万美元的红日和一个亏 6.6 万美元的红日，这是我全年最大的两个红日。
196	两天亏了 13 万、14 万美元。从来不出现红日是不可能的，从不出现红日不是一个现实的目标，但当一天开始对你不利时，更早停手是可能的。而我在这一天、然后又在这一天犯了同样的错误：犯倔，死死不肯放手，拒绝离开，反而继续交易，尽管市场上的一切都在告诉我这是糟糕的一天。结果就是，我让亏损变得比必要的大得多得多。如果我在这两天
233	只亏 1.5 万或 2 万美元时就停止交易，到八月底我会多出 10 万美元的利润。那就是我的总盈利增加 50%，如你所见，扣除费用和佣金后八月收在大约 21.1 万美元。所以增加 50% 到 30 万、31.1 万美元，这是有意义的差别。而我唯一需要做的，唯一的一件事，就是在亏 2 万美元时离开，不再继续交易。
264	在这些转绿的日子里，没有一天是我先亏超过 2 万美元然后再恢复成绿的。所以如果我在亏 2 万美元时就停手，就能消除掉那些可怕的亏损中的一部分。好，我们来看八月。我看看，我们选上个月。这里也包括我的小账户挑战，不过没关系。看这个，我的总利润是 28.7 万美元，就在这里。胜率大约 65%，平均盈利 6,000 美元，平均亏损 5,700 美元。如果我们和过去 12 个月——一个更长的
303	时间段——对比，你可以看到我的胜率下降了，平均盈利稍微大了一点，但平均亏损大了不少。所以上个月我有几笔非常大的亏损，那不好。我们再深入一点。我首先总会看胜率：是稳定、上升还是下降？下降了。平均盈利，高了一点；平均亏损，也高了一点。好。
329	然后我再深入一点：按星期几看，有没有什么规律、有没有什么特别突出的？哦，就在那里，我每到周五就被打得落花流水。这是一个重要的发现。如果你在自己的交易里看到这种情况，我希望你会做出纠正。我做的纠正从八月的最后两个周五开始生效，就是在周五收紧风险，因此我避免了重演月初那几个大红日。这是一个发现。还有另一个值得注意的发现：我在 10 点到 11 点之间在亏钱。事实上，我赚得最多的是
367	7 点到 8 点。不过有意思的是，看这个：我的交易频率。交易最多的是 8 点到 9 点，但我没产出那么多利润。7 点到 8 点用更少的交易产出了更多的利润，比 8 点到 9 点用更多交易产出的还多。这非常有意思。那为什么会这样？我没有答案，不知道为什么我 7 点到 8 点比 8 点到 9 点做得更好。
400	我想大概是——我大概会把它归因于在 7 点或 7:30 有一些非常好的催化，给了我几笔大赚，把那个时段的统计数据拉高了。但我们看一个更长的时间段，看看过去 12 个月，结果如何？是否大致一样？这是基于 420 万美元的利润。所以并不一样。在过去 12 个月里，我在 8 点到 9 点做得更好。所以 7 点到 8 点算是积累利润垫，8 点到 9 点是真正发力，然后 9 点到 10 点降温，然后 10 点以后我一直在亏钱。所以
438	至少我认为我们可以说，对我来说 10 点以后是一个高风险的禁止交易区。如果你在自己的统计数据里也看到这种情况，我希望你也会得出类似的结论。所以毫无疑问，我确实需要在 9:30、10 点有一个更硬的停止点，而不是在一天中越交易越久。有件事很有意思：你觉得我什么时候最可能在一天中交易得更久？是在一切顺利的日子吗？不是。在一切顺利的日子里，带着盈利离开非常容易。我更可能在不那么顺利的日子里待得更久，因为我在犯倔。所以更可能的是，
478	这些交易发生在我已经情绪被激活的日子里。好，这就是按时段的表现，这是一个很好的认识。按星期几也值得注意，而星期几这个规律可能更只属于八月、夏季交易，但尽管如此。那价格和成交量呢？我希望你们在自己的交易里也做同样的复盘：根据时段、星期几、价格和成交量，你在哪里表现最好？就价格而言，大体上 2 到 10 美元是甜区。10 到 20 美元没多少，那个区间交易不多。大多数交易在 5 到 10 美元之间，我
516	在那里做得相当好。2 美元以下交易不多，但在那里赚了一点。我用更大的仓位交易时做得更好，这不用说。这些统计数据不是特别准确。我不太清楚这一项——我有一次给他们发过邮件，他们也没给我一个好的答复，为什么按……的表现是这样的。我当时想：嗯，等一下，这没有显示我全部的盈利，显然这会让人以为我一直在亏钱，盈利的在哪？一个都看不到，我搞不懂。我不知道，我不确定那一项是什么，算了。好，然后我们看按标的：我们可以看我赚得最多的那些代码
555	及其所属板块，也可以看我亏得最多的那些代码及其所属板块。为了节省时间我现在就不做了，但我鼓励你们去做。如果你注意到一个规律，比如你在某个板块做得很好，你应该问问自己，这个主题是在延续，还是只是那段时间的一个小周期。我们确实有过一个非常好的主题，中国股票有过一些大行情，但我认为那个主题现在已经过去了。如你所见，我在成交量超过 2,500 万股的股票上做得最好：成交量更大，流动性更多，更容易进出。
586	成交量较小的股票我做得很吃力。所以这是值得注意的。然后是按标的相对成交量的表现：我在交易当天成交量是 50 日均量至少 5 倍、也就是 500% 的股票上做得最好。而这些是亏损的。其中一些情况是，我在试图预测、提前判断一只股票会走出大行情。这些里有些也是这样：我进得有点早，在它还没有足够成交量、还没到最高相对成交量时就进了。我不能确定地说我在这些区域完全没有成功过，
625	但总的来说，这个月效果不太好。然后市场行为这一项问题小一些，因为它基本上只和整体市场挂钩，在这里通常没有很强的相关性。然后是盈亏期望值，你可以看到这就是我八月坐的过山车。所以这就是我对自己说的：我真的不想在九月继续这样了，我想试着把它稍微平滑一点。所以，如果我在亏 2 万美元时停止交易，在周五更谨慎一点，注意交易的时段，
665	并且避开相对成交量较低的股票——这三四个调整就能对我的盈利产生有意义的影响，实际上可能让我的盈利提高多达 50%。哇。有没有什么事情你本可以做到、能让你上个月的盈利提高多达 50% 的？如果你还没看过你的统计数据，你根本不会知道。所以花几分钟看看你的统计数据。另外说明一下，我和 TraderVue 或其他任何公司都没有推广分成关系，我只是根据我真心认为最好的软件来推荐。
701	我用 TraderVue 已经十多年了，所以我有十多年的交易统计数据都在这同一个平台上。你看，我显然已经用了很久，我挺喜欢它，愿意继续用。也有一点转换成本：当你有 10 年的数据都在一个平台上时，很难换。所以我也因为这个原因一直用它。这里显示近 2,400 万美元的交易利润，68% 的胜率，还有盈亏比。所以你要做的就是去导入交易，然后选择你用的券商。当你选择券商时，比如你选
738	thinkorswim，他们会一步步教你怎么导出交易，然后你导入就行。砰，让导入运行完，然后你就可以去看统计数据了。所以我真的鼓励你们去做。那么，八月对我来说是个好月份吗？是个好月份。我们按 IRA 排序一下，这是我的个人退休账户。哎呀。我就选 IRA 的年初至今。
766	所以年初至今，从大局看，这是八月，这是年初至今，对吧？一月很棒，二月、三月、四月——四月是最差的，五月有改善，六月非常棒，七月慢了一点但仍然非常好，是第三好的月份。然后八月有点回落到更接近基线的位置。基线大约是每月 20 万美元，稍微低一点、稍微高一点。那就是每周 5 万美元，对吧？也就是每天 1 万美元，这相当扎实。这就是我们八月的情况。现在的问题是九月会怎样？会不会这样走，然后我们
804	以一个非常惨淡的方式结束这一年？还是会这样走，我们以一个非凡的方式收尾？我们不知道，我们不知道市场会给我们带来什么。但我们能控制的是自己愿意冒多大的风险。所以我会在看到高质量形态时冒险。好，现在我们来聊聊过去一周左右正在发生的转变。如果你还记得上周，我们有几只股票走出了相当剧烈的行情。我加了——我这里有这些幻灯片，要加到课程里。
842	上周有 Archon，坐了一趟过山车；有 FTFT，坐了一趟过山车；我看看还有哪些？我觉得我还加了几只别的，但总之那两只是肯定的，然后还有 CRA，大幅冲高但然后回落了。所以我们注意到这样一个规律：股票拉升得很快，但守不住。而生物科技板块，这是生物科技 ETF XBI，今年表现格外出色，基本上是自疫情以来最好的一年，一直表现非常好。
882	后面这里是疫情时期。所以生物科技一直很热。有大约五年它偏冷一些，然后在 2025 到 2026 年这里真正起来了。所以是的，我们看到很多这类生物科技公司背后有一股顺风，看到了更大的行情。当一只生物科技股发布突发新闻时，交易者现在非常快地扑上去。我不怪他们，我一直很喜欢生物科技股。当一家小型生物科技公司发布好消息时，这可能是决定公司生死的事件，可能正是让这家公司
920	名声大噪、成为大得多的公司的收购目标的那件事，或者他们保留自己一直在开发的资产，在完成临床试验、如果拿到 FDA 批准后开始做授权许可。我是说，这些可能是非常大的事。然而，很多这类小盘公司的运作方式是：它们 IPO，在公开市场上卖股，推销他们正在做的愿景，通常是在为某种不治之症寻找治愈方法，投资者买账了。但通常，你可以想象，这些事情非常难以
960	攻克。于是几个月、几年过去了，公司在研发上花了很多钱。在这整个过程中，他们花的是 IPO 募来的钱。所以如果我们看 BIAF 第二季度的季报，往下拉，你可以看到截至 6 月 26 日，他们资产负债表上的现金大约是 240 万美元。240 万美元。听起来状况还不错，直到你看他们截至 2026 年 6 月的三个月，看到他们花了 330 多万美元。
994	他们每个季度都有经营亏损，所以一年下来要 1,200 万美元，而他们资产负债表上只有 240 万美元。那他们会怎么做？嗯，他们能做的事情就那么几件。但注意这里，他们有一份刚提交的 Shelf 注册。他们很可能会趁这个机会在公开市场上卖股融资，继续为研发提供资金。这些公司有时、而且经常会去找机构投资者，比如去找一个大的机构投资者，直接给他们开一张 5,000 万美元的大支票，这很简单。如果他们能
1032	找到一个相信他们的机构投资者，这个机构投资者开支票时能以折扣价拿到股票。他们会说：“好，我给你 5,000 万美元，但我要以 2 美元一股而不是 5 美元拿到股票。”这就叫私募。通常发生这种情况时是相对利好的，因为显然这个投资者给了他们一大笔钱，他们短期内不需要通过市场直接增发来融资，而且那个投资者通常也不会第二天就转手卖掉那些股份。所以通常我们可以相当有信心，流通股的状况在一段时间内会基本保持不变，公司不会卖股，
1069	因此在新闻刚出来之后的那个窗口期里，我们有可能看到一波大幅上涨。但如果他们找不到愿意开大支票的机构投资者，他们最后就只能在公开市场上卖股。所以在今天这样股票成交 3,000 万股的日子里，他们可能在市场上以 7 美元一股直接卖出三四百万、五百万股，这样仅靠卖股就能融到 2,000 万、3,000 万美元。但问题是，这会对股价产生实实在在的影响，所有这些卖出都在把
1109	股价往下压。这在生物科技公司身上尤其常见。所以如果消息真的非常非常好，它可以压倒公司在股价上涨中卖股的影响。通常如果新闻是私募，而且私募通常会和一个基本面催化同时发布——他们会说：我们有好消息，而且有人在资助我们——两者同时出来，股价通常会非常积极，涨得相当漂亮。这些情景下我们能看到非常干净的价格走势。但在这个例子里，我们有一条
1148	关于拓展某个市场的标题，看起来有点含糊。所以一开始我想：我不太知道这会走得多好。股票最后拉升了，但我们也知道他们大概 3 天前刚提交了 Shelf 注册。所以我犹豫了，我对自己说：你知道吗，重质不重量。三根 K 线往上走很棒，如果你够快，完全可以进进出出、从中获利，我也经常这么做。但因为是新月份的开头，而且
1186	最近见过太多过山车行情，我有点想先按兵不动一下。所以它冲到 6.46 美元，我对自己说：它的成交量才勉强 50 万股，我不知道，成交量太小了。然后它往上推一点，跌回来，往上推，跌回来，往上推，跌回来。我就在那里盯着它，等它突破 8 美元，心想：我就是不确定。
1210	它涨得有点远了，还有那根放量阴线，我要等等。它碰到 8.50 美元，然后下探，那就是整段行情了，就这样，没了。然后它在这里反弹上来，在双顶处被打回，之后再没有行情。它回落，然后临近开盘又反弹上来，一路涨到 8 美元，挺好。它回调，又回到 8 美元，然后就在后面这里下跌停牌，就是在这里下跌停牌的。所以它反转得很猛，现在还在继续下跌。那么有没有可能公司今天自己在卖股，或者通过承销商
1247	在卖股？非常有可能。我不知道是不是真的在发生，但非常有可能。所以可惜，BIAF 这一切都和情绪的转变有关：我们在六月、七月、八月都相当看多，但到了八月我们开始看到一些“震颤”，看到更多过山车行情，一些非常剧烈的过山车：一只股票拉升上去，然后一路跌回来。有些非常猛烈，5 个点、10 个点的行情，然后一路跌回去，相当吓人。而且
1285	如果你站错了边，肯定会被彻底摧毁。八月我一些最大的亏损就是这样发生的：我会错过这里的第一波上涨，因为它发生得太快、成交量在我看来太小；然后我开始在这里、这里冲进去，结果吃到这些巨大的被打回，我对股票的判断是对的。所以今天我说，我不想在 BIAF 上这样做。如果它继续走高，也许会有机会，但在开盘铃之前，就在这里，我没看到机会。所以我在主 Roth IRA 里没做它，我就说：“不，我不做。”
1318	我在小账户里也没做，因为我就是感觉不好。然后 9:30 开盘铃响了，当然，开盘后确实有一些延续，但尽管如此，在这个时间窗口里，我就说：“不，不会发生的。”MACD 转负，它又跌了一些。但问题是，那就是我们的领涨股。我们看看扫描上还有什么：有 SSM，看这张图，盘后大幅拉升，同样的情况：一次大冲高，三根 K 线，然后基本横盘，就这样了。然后是 FLYE，随便吧，他们做电动自行车。好，油价上涨，电动自行车就热了，
1355	好吧，随便。大幅冲高、被打回，现在全都在后半段往下走。所以不行。RDAC，这只冲高、反转，然后在这里又涨上来一点。所以我现在的感觉是卖方在掌控。这就是转变：掌控点从买方转移到了卖方。所以当卖方掌控时，我得收紧防线，得用更小的仓位交易，得保持灵活。与其假设事情会成，不如假设它们不会成。如果开始成了，如果开始给我惊喜，
1394	我再重新考虑。这不是悲观，而是现实：当前的情绪在卖方。那么现在是冒大风险、孤注一掷的时候吗？你大概永远都不应该那样做，但就算你要那样做，现在肯定也不是时候。当市场真的很热、你看到一个接一个 300%、400%、500% 的行情时，那也许才是冒险出手、承担一些风险的时候，我也会那样做，但不是现在。所以在行情偏冷时我会少交易，我会等那些真正证明自己
1434	能守得住的股票，因为我会假设我们还会继续看到更多这种冲高后反转的走势，而那些对空头来说是轻松上篮，对吧？它涨上去又直接跌回来，空头在上面赢了。像 BIAF 这样的，对空头来说大概是一次轻松的双顶被打回：它跌回来，又在 8.50 美元被打回，又跌下去。所以我不想在顶部买、买、买，去接空头卖给我的股份，助长那种弱势，对吧？我不想为那种走势贡献流动性，我只想完全坐在场边。而
1474	更多交易者也会这样做：更多交易者会坐在场边，说：“你知道吗？我不冲进去。”当然，市场上有很多新手交易者，过去几个月被六月、七月、八月的大动能宠坏了，他们会继续买任何冲高的东西，某只股票一飙升他们就冲进去。当他们一次又一次吃到这些过山车式的巨大被打回时，他们会意识到：也许这在某些市场里行得通，但现在行不通，我得把脚从油门上松开，我得放慢。随着他们停止买入，行情就会越来越小，空头越来越激进，直到某一刻，某只股票一冲高，空头就
1512	猛砸，结果尽管有新闻，它最后还收成了阴线。我们会看到这种情况，这毫无疑问，我们在之前的周期里就见过。然后会出现一只股票，其实消息是好的，而空头可能有点过于自信，直接去做空。而这是一家——嗯，你看它的申报文件，其实并不需要融资。也许他们有 Shelf 注册，但资产负债表上有足够的现金，不需要融资；或者也许他们做了私募，因此不会再融资。不管是什么原因，这只所有人都以为会失败的股票
1552	涨上去了。现在所有那些以为它会掉头往下、狠狠砸买单的空头，随着它开始脱离，被迫买回他们的股份。所以通常这些转变——从冷或者说弱，重新转回强——是由一只走出格外惊人行情的股票带来的。它一天之内涨了 500% 或 700%，因为空头被困住了。他们犯倔，因为市场一直对他们有利、他们一直掌控局面，所以他们不断加空，然后不知不觉它就越涨越高、越涨越高。
1590	问题在于，我经常最后错过那一只股票，因为我也没料到。而且那波行情经常发生在下午晚些时候，甚至盘后：空头压了它一整天，一直以为它会掉头往下，结果就是不掉头，然后最终他们在收盘前或盘后回补，被轧空。所以我通常会错过那一只。然而，所有交易者最后都会非常仔细地关注那只股票的特点：它的国家代码是什么、位于哪里、属于哪个板块、催化是什么，然后他们开始想：下一只类似的股票在哪？这就开启了一轮
1628	跟风动能：又有一只非常相似的股票冲上来，同一个国家、同一个板块。空头紧张了，因为他们不想重蹈刚才那只的覆辙；多头很激进，因为他们不想错过一波大行情。FOMO 现在被点燃了，于是你开始看到一波大行情，掌控点又回到了买方手里。它会在那里停留一段时间，直到买方自信到连最平淡的标题都会扑上去——那些标题对公司来说在基本面上根本不重要——股票照样涨 50% 或 100%。
1662	然后空头意识到这太荒谬了：我们要开始做空这些了，因为反正很多最后都会跌回来，连公司都在卖股。于是掌控点以更微妙的方式转移：它们变得越来越弱、越来越弱，直到大家放弃。从热转冷，通常比从冷转回热要微妙得多。并不总是这样，有时从冷转回热也比较微妙，但通常更多是由一只大行情股票成为点燃下一轮动能的火花。这就是对我们在市场上看到的这些转变的深入剖析：
1702	从冷到热，再从热到冷。而现在我们肯定看到了从热到冷的转变。行情冷下来了，可能会冷上几周，也可能只冷几天。我们不知道，说到底我们不知道要过多久才会出现那只给我们惊喜的股票。而现实地说，冷得越久，当那只股票真的给我们惊喜时，行情就会越大，因为空头会非常自信，卖方会牢牢掌控局面，他们甚至不会认为可能出现那么大的行情。所以几乎要等到所有人对六月、
1740	七月和八月初那些大行情的近期记忆都被遗忘，下一波才会出现。但这也意味着要熬过一段更长的慢行情期。在这些时期，我的交易方式就是专注于少交易、用更小的仓位交易、拿下我的安打、不赖着不走。如果你想每天看我实时这样做，去看看两周试用的链接，它置顶在评论区，也放在说明栏里。如果你想真正成为正式会员，嗯，看看我们的劳动节促销。Warrior Trading 现在正在进行劳动节促销，Warrior Starter 和 Warrior Pro 会员都有特别折扣。所以希望你们去看看。你可以过来，
1777	点“立即加入”按钮，就能看到我们的会员方案。所以请去看看。但我也照例提醒大家，交易有风险，我的结果并不典型，无论你自学还是跟我学，都不保证你会成功。所以在投入真金白银之前，请务必先在模拟盘里练习。
