0	大家好。今天这期节目，我带大家看看今天上午的交易。现在有一只股票涨了 100% 以上，但它是一只仙股。当小盘股市场稍微冷下来时，这种情况很常见：开始上涨的往往是仙股，因为现实地说，如果你是一个激进的空头，在 30 或 40 美分一股的价位做空，真的合理吗？你最多只能赚到它跌到零为止。
28	但如果那只股票最后涨到 80、90 美分、1 美元，或者把你轧到 1.50 甚至 2 美元，你的下行风险比上行收益大得多。所以一般来说，当市场偏冷时，就像现在这样，交易者往往会涌向仙股这个避风港。但有意思的是，当市场真的很热时，交易者会抛弃仙股，去找更有油水的机会。因为事实上，一只 3 美元的股票从 3 美元涨到 6 美元，远比一只 50 美分的股票从 50 美分涨到 1 美元更常见。两者都是 100% 的涨幅，但在更热的市场里，1 美元以上的股票往往
67	动得更快。而现在市场有点偏冷，所以这是我们收紧防线的好时机：降低仓位，把脚从油门上松开。我今天正是这么做的。对于每天都在看这些复盘的朋友，你们也会注意到我回到办公室了。我在路上的移动交易站里待了两周：一辆四驱 Sprinter，车顶装着 Starlink，体验很棒。今年是 Starlink 表现最好的一年，我真的很佩服。大概四五年前我刚开始用 Starlink 时，它
106	时断时续，即使在完全开阔、毫无遮挡的停车场或田野里也是时好时坏。好的时候很棒，有时就是用不了，我想是卫星覆盖之类的原因。但它一直在变得越来越好，这说明今天的市场和交易比以往任何时候都更容易触及，即使在这个国家、甚至全世界的偏远地区，以前根本不可能有跟得上行情数据流的高速网络。
139	现在有了 Starlink 就可以了，这挺酷的。好，现在我们切到屏幕共享，拆解今天的交易。开始之前提醒一下，我们的劳动节促销今晚结束。所以这是你用劳动节优惠码加入我们的最后机会，Warrior Starter 和 Warrior Pro 会员都有折扣。加入 Warrior Pro 会员的朋友还能享受 7 天满意保证，也就是给你 7 天时间去上课、看课程、用软件，看看是否适合你。
175	如果不适合，没有任何附加条件，你可以直接退出。如果适合你，当然就可以继续。所以我们想让你安心，尤其是考虑 Warrior Pro 会员的朋友。我马上把链接调出来。我会把链接放在会员后台……不对，抱歉，我会把链接放在这里的评论区和说明栏里，你们可以看到 Warrior Starter、Warrior Pro，还有我们专门为劳动节准备的 Warrior Pro 特别套餐。好，促销今晚结束，还剩不到 14 个小时。
212	好，今天上午的头号跳空股是 PDSB。这只股票我们以前做过，但现在它的流通股更高了，已经是 5,100 万股。通常你不会认为一只 5,100 万股流通股的股票能涨 100% 以上，可它今天涨了 130% 以上。很大程度上是因为，虽然流通股更高，但由于风险与回报不对称，不会有那么多空头有兴趣去做空一只仙股。所以这只股票整个上午大部分时间都在缓慢爬升，它在下面这个区域有一定的
252	上升支撑。我喜欢画这些趋势线，它差不多就在这里跌破了，正在回落到 VWAP 附近。有意思的是，MACD 在这波行情开始时是正的，而即使价格一直在上涨，MACD 一直是负的。这是一种背离，有点不寻常，但在股票缓慢爬升而不是快速上涨的背景下可能会发生。这是领涨股，但它是低价股，所以我一般会把它们过滤掉，不怎么关注。但我必须承认它的成交量很大，所以这
289	肯定是其他交易者在关注的一只股票。我们这里还有另一个扫描，叫“仙股涨幅榜”。如果你用仙股涨幅榜，就能看到一些涨了不少的低价股。PDSB 的成交量是 1.23 亿股，哇，成交量真大。好，那么 50 美分以上股票里的头号跳空股是 BNC。这只流通股 3,800 万股，是一家美国公司，没有新闻。
317	现在就在那里出现了一个反头肩形态，那是它的边缘。它会不会弯上来，回测大约 6.50、6.75 美元附近的双顶？当然有可能，但说实话，我并不认为这只有多大潜力。我就是觉得它交投太厚重了，借券成本很低，我实在想不通：它为什么涨这么多？
345	为什么能守得这么好？我说不上来，但这不寻常，所以我不碰它，因为我不完全理解它。第二名的领涨股只涨了 34%，是 WYHG。这只流通股 696 万股，你可以看到早些时候这里有一波，拉升到 6.36 美元，然后大跌，然后反弹上来，然后一路跌回去，现在大概在中间。
375	所以我们处在这个更大的楔形里。它在这里多了一点动能，重新往 6 美元推。它的流通股比其他几只低，所以这大概会让交易者对它更感兴趣，也让我对它更感兴趣。事实上，这是我今天上午唯一交易的股票。WYHG 今天上午就在这个区域拉升。我们看到了这个……哦，抱歉，是这里，就在后面这里，我们等到了这波漂亮的拉升。它推到 5.40 美元，突破了 5.60 美元的成交量加权平均价，微回调，涨到 5.77 美元。
414	微回调，我就在这里进场，我们等到这波推到 6 美元。但注意，那只是一根很短暂的上影线，它只碰了一下 6 美元，然后基本又回到了同一个价格。所以我在这里进场，在这里出场。我这笔没亏，但进进出出，赚了 120.71 美元，就这样。所以今天显然不是本垒打，连安打都算不上。我的冷市日目标是每天 5,000 美元，热市日目标是每天 2 万美元。所以我离热市目标差得远，也没达到冷市目标。
454	不过我要说的是：市场冷的时候，重要的是能拿下安打，如果行不通就非常快地出来。我做到了。这笔本来可能是赚 1,500、2,500 美元的交易。事实上，我有 13,000 股，在它突破 6 美元时，我一度浮盈大约 2,600 美元，但太快了，又直接跌回来，没守住。所以我出来了，这本来可能是一笔小亏，最后是一笔小赚。我会说今天基本上是持平的一天。当我们看我的交易统计时，这一天在我的
494	盈亏、也就是资金曲线上几乎都看不出来，因为它只是一个非常小的绿日，没什么特别的意义。但没关系，有些日子就是这样。对我来说重要的是每天都坚持到场，因为我不知道哪一天会有一只股票给我们惊喜、给我们一波非常漂亮的行情。所以看看我过去 30 天左右的盈亏，后面那一天是 975 美元。这么小的日子在图上几乎只是一个小点，只是非常非常小的绿日。但问题是，当市场冷的时候，通常
533	显然空头更激进、多头更保守，但有很多偏多的交易者坐在场边，积极地观察和等待，他们有克制力和自控力，能坐着耐心等。所以当某只股票开始脱离时，他们会看到，那就是他们站上本垒板的时候。所以情况可能很快就从冷市变成——挥棒——一只股票涨了 100%、200%。
562	空头被轧，我们就飞奔起来了。我不是说今天会发生，这周也可能不会，但它终究会发生。而当它发生时，我想确保自己已经准备好。所以对我来说，每天都到场意味着我在场，能持续观察市场，了解什么在动、我们看到的是什么样的价格走势；当某些东西开始奏效时，我就在这里抓住那个机会。这就是这场游戏的关键。所以最重要的是，当市场偏冷时，你要保持清醒，把脚从油门上松开，这样你
600	就不会在冷市里过于激进。这是我历来做得吃力的地方。即使市场在降温，我还是会过于激进，最后承受不必要的亏损。你们很多人也看到了，上周正是这样。在我的小账户里，我遭遇了挫折，小账户现在是 9.1 万美元。我今天没在里面做任何交易，因为市场真的感觉不适合用它来交易。但你知道吗？我是在六月用 2,000 美元开始这个小账户挑战的。
633	所以整个夏天，我赚了将近 9 万美元，8.9 万美元，对吧？因为起始余额是 2,000 美元。所以这是一个很棒的夏天。而现在你就得接受：如果市场偏冷，你就得在场边坐一阵子。这对人们来说很难接受。你三个月赚了 9 万美元，每天大概赚 1,500、2,000 美元，不管多少，大约每天 2,000 美元。多少来着？60 个交易日。
662	所以按每月 20 个交易日、三个月算，每天不到 2,000 美元，但你大概明白意思。所以你会想：嗯，我想继续保持每天平均 1,500 美元左右。然后当市场冷下来、你有好几天没有交易时，你就开始觉得：这是怎么了？那是一种可怕的感觉。然后突然间市场又热起来，你又回到了那些大绿日。所以我发现，虽然我全年平均可能每天 1.5 万或 2 万美元，但会有某个月平均每天 3 万美元左右，另一个月平均每天 1 万美元。然后它们
701	混合在一起，到年底取平均。所以现在，是的，我处在低谷期，只能靠安打勉强过日子，而今天连安打都没几个。但这也是节假日长周末后的第一天，所以我会给市场一个升温的机会。当出现真正看起来很好、开始脱离的东西时，我很乐意站上本垒板。所以和往常一样，每天早上 7 点开始，你们都会在聊天室里看到我做直播。如果你还没看过我们的劳动节促销，链接会置顶在评论区和说明栏里，
739	你可以过来看看。我也照例提醒大家，交易有风险，我的结果并不典型，无论你跟我学还是自学，都不保证你会成功。所以请慢慢来，在投入真金白银之前，一定先在模拟盘里练习。好，我们明天一大早见。
