0	大家好。今天这期节目，我来拆解一下今天市场的价格走势。现在有一只股票正在往上拉，所以有一点波动。能源股在小幅上涨，原油今天突破了每桶 100 美元，这推动一些小盘能源股小幅走高。过去有一段时间，油价一涨，这些小盘能源股就会暴涨，涨 200%、300%、400%。但这种情况已经不再发生了，今年就没有发生。今年早些时候，伊朗冲突一开始油价大涨，
39	我们却没看到小盘能源股的暴涨，这挺令人意外的。我们也没看到太阳能股或可再生能源股的暴涨。它就是没有向下传导，这算是一种背离。通常，能源价格上涨，这些替代能源公司也会跟着涨，甚至本土的油气公司也会涨。但今年不是这样。所以今天看到几只能源股开始拉升时，我心里有数，我说：“不，我不会期望它真能走出什么特别的行情。”好，我们切到屏幕共享，开始拆解
76	今天的行情。我们先看原油。这是 thinkorswim 上的原油期货，你可以看到能源价格在反弹。如果我切换一下，我看看，我们现在在 5 分钟图上，我切到日线。你可以看到，往前这里有一个 119 的峰值，那是今年早些时候。然后回落、反弹、再回落。所以从背景看，是的，我们在回升。
104	但这是不是一个疯狂事情正在发生的位置？不，并不是。所以当 TPET——Trio Petroleum，一家美国化石燃料公司——开始拉升时，我就大概知道它可能交投厚重，大概做不出来。一方面，你看这张图会想：天哪，它基本就在历史低点附近，最近刚做过反向拆股，流通股 440 万股，这些都有利于它可能出现反弹。然而这些能源股向来不怎么给我们这种反弹。
136	看日线图，把缩放切到自动。这是今年早些时候的 TPET。我们再往前看一点，看看 MXC。MXC，这是 2022 年能源暴涨的时候，它从大约 10 美元涨到了 40 美元。INDO，印尼能源公司，这只涨得更猛，从 4 美元涨到 88 美元，难以置信的拉升。我想那大概是那些股票上发生的一次——我不知道——千载难逢的事情。
172	你可以看到能源当时在美国石油基金上见顶，而现在——不是“可以说”，而是确实——高得多了，但出现了背离：能源价格走高，这些股票却没有跟随，它们真的不能做。所以是的，虽然今天有几只不同的能源股冲高，SKYQ 是另一只，昨天是 SU，一家太阳能公司，我真的没做它们，我对它们的期望很低。DBI 就在那里出现在扫描器上，这只经常冲高，上周从大约 4 美元冲到 8 美元，然后当天收阴。事实上，
212	昨天 TN 在盘前冲高，你们大概从我的复盘里知道了，然后它做了一个双顶、掉头往下，当天也收阴了，跌得很猛。TN 有意思的地方在于，这家公司本周早些时候刚提交了一份招股说明书，使他们有权出售 180 万股。所以这有点好笑：一方面他们发了一条新闻标题，说我们已经偿还了约 516 万美元的可转换票据。偿还可转换票据，很好；然后他们转过头来又说：
249	但我们也要卖更多股来融资。所以当我看到这两条标题时，它们基本上相互抵消了。所以昨天，是的，它冲高、回落，然后又拉回来。当它在这里反弹时，我的说法是：一方面，你可以说这是一个下影线，现在我们得到了一个类似锤子线的东西。在类似小时图上，这像一根巨大的 K 线，那里形成了下影线，这是看涨的，因为虽然它被卖下去了，但又反弹回来，这显示了强势。
285	它在这里有很大的成交量。另一方面，鉴于他们很可能会卖更多股，这会对流通股产生负面影响：流通股会增加，而如果这些卖出直接在公开市场上进行，就会压制价格，阻止它大幅上涨。所以这最后基本上是一个反头肩形态。目前它稍微向上突破了一点，但我就是不知道现实中能期望什么。所以我没有出手、把钱押在这笔交易上。事实上，如你所见，今天我的主账户没有交易，小账户也没有交易。
323	我今天一笔都没做，就是没感觉。TN 是领涨股，但交投厚重，我没信心。我感觉在它上面我最多能拿到每股 10 或 15 美分。虽然那绝对是安打式交易，但我也意识到，我通常抓不到潜在空间的大部分。所以如果潜在空间是 20 美分，我通常最多大概只能抓住一半，也就是 10 美分。所以当我看着它、想着最好情况是 10、15、也许 20 美分时，现实中我可能只拿到 5 或 10 美分。如果我想用
360	4 万或 5 万股去做，入场可能有几美分的滑点，出场也有几美分的滑点。所以在一笔本来就只有这么点空间的交易上有 5 美分的滑点，这就是行不通。而用两三千股做同一笔交易、赚个 60 或 90 美元，以我今年的状态、甚至只看过去 90 天赚了 150 万美元的状态，感觉真的不值得。你知道，当市场真的很热时，这些都是赚 10 万美元的日子，都是大绿日。
389	而当市场像这样冷的时候，我有一个选择：要么大幅降低仓位，用非常小的交易一点点地抠；要么坐在场边，保存实际的资本，把它省下来留到市场真正变强的时候，同时也保存心理资本。因为难免有时你会冲进一只从来就没多大潜力的股票，你的仓位可能稍微大了点，不知不觉就亏了 5,000、7,000、8,000 美元。如果你还记得，上周我在——我想是周二和周三——亏了 5,000 然后 8,000 美元，
429	我心想，那完全没必要。那些交易没有一笔真的有多大潜力，但我还是果然在上面亏了钱。所以这周我努力做得好一点，不去冲那种我觉得其实没多大潜力的股票，因为感觉就是不值得。所以是的，这周我交易得少了，但我账户里有资金，我随时准备冲出去，只是在等一个感觉更安全一点的机会。
461	今天早些时候 DFNS 也短暂冲高，它赢得了一份 130 万美元的发电设备订单，但这个金额相对于公司规模来说比较小，不够重大，不足以让股价大涨，如你所见只涨了 5% 或 8%。所以那只的行情小一些。所以现在我们有点像在战壕里。至于这个市场什么时候会好转、好转时会是什么样子，
490	有几种不同的情景。第一种是，你碰到一只像 TN 这样的股票，它就一直慢慢往上磨，不知不觉就到了 5.50 美元，然后 6 美元、6.57、7.58 美元，最终出现投降点：空头放弃、回补，多头屈服于 FOMO、冲进去，这只股票开始真正快速地动起来，一直涨下去。这可能发生在 TN 上。不过我觉得，就这家公司的具体背景而言，公司很可能在卖股，这会削弱它出现那种拉升的能力。
526	但从冷到热的开始或者说转变，可能就是一只股票给我们一波出人意料的行情：它一直在磨，不跌，然后终于脱离，空头放弃，多头冲进来。另一种情景是，一只股票真的有非常好的新闻，好到连空头都会说：我最好别做空这只。比如一个大投资者，像埃隆·马斯克，入股一家公司成为大股东，对一只小盘股来说，这种大概会是一条非常重磅的标题。
568	或者——不好意思——我在想生物科技股，也许是一只生物科技股，比如说有非常好的临床试验结果，那可能行得通。也许是一家公司与一家非常大的公司合作，比如亚马逊、英伟达、SpaceX 之类，取决于具体细节。但如果有某种标题强到你一读就觉得“这显然该买”，那么多头就会冲进去，
607	空头会紧张，然后就可能形成一波非常大的行情。好，这是另一种情景。然后我想第三种情景是——第一种情景是一只股票一直慢慢往上磨、最后终于脱离；第二种是有一个非常强的催化，所有人马上冲进去；我想第三种是，有一只股票某种程度上被内部人控制。外国上市证券可能会出现这种情况：流通股非常小，内部人以极低的成本持有，
648	他们真的能控制价格。于是他们开始把它往上推。在他们往上推的过程中，空头意识到可借的股份库存不多，所以他们真的没法做空。它越涨越高、越涨越高，不知不觉空头就被彻底轧空了，而背后的催化可能并不清楚，甚至可能根本没有新闻。它是一只外国上市证券，大家都在想：这东西为什么在涨？然后这就开启了下一轮动能，交易者会扑向其他外国上市证券，希望它们也能如法炮制。这就成了某种自我实现的预言，
684	因为现在大家都在扑向这些股票，空头害怕了，它们就开始动得越来越多。所以这就是冷市开始让位于更多机会的三种不同情景。有时我们会看到，在市场开始回暖时，某一天有一些机会，另一天又完全没动静，有点像热、冷、热、冷这样交替。这种情况也不罕见。总之，我现在就先按兵不动，明天一早再回来。
720	我们会努力在周五以几笔交易结束这一周，希望如此。但如果这周慢慢地收尾，我也不会惊讶，毕竟是周五，我不指望周五会出现重大新闻催化。这意味着第一和第二种情景大概不会出现，第二种肯定不会。第三种情景是没有新闻的情况，所以可能在周五发生。第一种情景，一只股票一直往上磨，也可能在周五发生，只是通常你会预期初始上涨背后有一个催化，而我不知道我们有多大机会看到那种情况。所以这周最后可能有点
758	白忙一场。但另一方面，我觉得自己非常幸运，因为我们经历了一段非常好的时期，其实整个今年都是，过去几个月更是如此。所以如果我们只需要按兵不动一阵子，我能做到，然后一旦行情重新好起来，我就马上冲出去、重回赛场。所以现在是好好学习的重要时期，这样当行情再次热起来时你就准备好了。好，我也照例提醒大家，交易有风险，我的结果并不典型。
787	所以请管理好风险，慢慢来，我们明天一早 7 点直播见。
