0	大家好。今天是小账户挑战第 44 天，用嘉信理财做券商，把 2,000 美元的账户做大。这是我连续第二个红日。第 43 天我亏了 8,000 美元，比我希望承受的亏损要大。今天第 44 天，我又亏了，连续两个红日。市场真的冷了不少。和第 43 天一样，今天我的主账户和小账户都是红的：同一只股票，同一笔交易，没做成，被打爆了。今天我的主账户触及了最大亏损，这真的很
37	让人泄气。好，我们切到屏幕共享，开始拆解。照例提醒，这些小账户挑战的利润都会捐给慈善机构。但如你所见，我的资金曲线有点坎坷，有一笔较大的亏损，大约在第 36 天那里亏了 2 万美元左右，然后迅速恢复，然后是那笔 8,000 美元的亏损，今天又是一笔亏损。但你知道一直稳定的是什么吗？是你们给这个系列的节目点赞。你们每点一个赞，我给慈善的捐款就多 1 美元。
70	所以谢谢你们这么做。我们现在已经募集了 49.3 万美元。我这边算是在拖后腿，因为我一直在亏，就是第 43 天和第 44 天。所以从大局看，我们仍在朝正确的方向前进，但最近这两天算是一次挫折。所以今天早上第 44 天，如你所见，我们的扫描器上，和挑战早些时候的一些日子相比，领涨股只涨了 49%，涨幅相对较小。代码是 TN，就是我交易的那只，也是我亏钱的那只。
105	在我交易的时候，它的成交量是 2,000 万股左右，流通股不到 100 万股，相对成交量是平均的 27 倍。所以按我的选股五要素，除了突发新闻，其他全都满足。不过重要的是要认识到，这只股票当时处于延续行情的第三天。所以虽然在这张盘前图上，它在盘前早段有一波反弹、回落、再反弹，然后在早上 7 点被打回，那段我没做。然后它又弯上来。大局是：过去几天里，它有过一波上涨，然后回落，当天收阴，
143	然后恢复，昨天全天走强，一直延续到这里的盘前。所以我在看 8.20 美元这个价位，原因是那是日线图上的一个缺口，可以追溯到八月的这一天。如果我们突破大约 8.19 美元，日线图上一直到 9.89 美元都有空间，再往上到大约 17 美元都有空间。所以我在看那个日线缺口。当它就在这里开始拉升时，我没在早上 7 点做这笔。它冲高、被打回，然后又弯上来，开始在这里盘整。然后
181	就在这里它开始冲高时，我冲了进去，我们等到了这波从 8.20 美元一路到 9.20 美元的拉升。但看那根长上影线，它又反转下来，我止损了。我在大账户里做了同样的交易，在大账户里我被打爆了，大账户亏了 4.4 万美元。而小账户嘛，还可以承受。
208	我亏了 3,000 美元。你不应该惊讶，我在大账户里一般用大约 10 倍的仓位交易。所以亏的时候亏得更多，赚的时候也赚得多得多。你知道，大账户今年赚了几百万美元，表现非常好；小账户一切都是在更小的规模上，这没问题。但今天两个账户都是红的，我感觉非常泄气。这就是此刻作为交易者最难的部分。
238	最难的部分是承受亏损。承受赚钱的日子不难，难的是承受亏钱的日子。所以要承受亏损的日子，要有情绪上的耐力，即使市场偏冷也要每天坚持到场，同时还要有克制力，不要过于激进。而这正是我今天犯错的地方。在我的大账户里，当它就在这里开始脱离时，我想：“好，上场时间到了。我这周没做几笔交易，这周大部分时间都坐在场边，现在终于有一只看起来不错的股票了。”于是我下了单：15,000 股底仓，
278	翻倍到 3 万股，再到 4.5 万股，随着它往上拉加到 6 万股。所以它往上走时我一路加仓，砰、砰、砰、砰。然后当它砸下来时，我的均价在上面很高的地方，因为我一直在加仓。在热市里，这些股票会继续走高，那么高的均价也没问题，因为我还能再赚每股 1 美元或 2 美元，一笔交易就赚 5 万、6 万、7 万美元。但在今天这样的日子里，它反转了。那我为什么认为它有潜力继续涨、而不会像这样被打回？我当时觉得，这是市场上最显眼的
317	股票。而我通常最成功的时候，就是交易那只头号领涨股：有成交量、动得快。日线图上有那个漂亮的缺口，意味着一直到 9.89 美元都没有阻力，所以我们有这个很好的窗口，再往上还有更多空间。所以我觉得这可能就是那个出现投降的临界点：所有做空这只股票的人终于放弃，随着买盘激增，更多多头冲进来。而我错了，我们没等到那个临界点。那么，是因为公司自己在卖股吗？这是
355	有可能的。这是我知道这只股票存在的风险：他们不久前刚提交了一份招股说明书，使他们有权额外出售 180 万股。另一方面，考虑到它昨天的成交量——我把图调出来复核一下成交量——昨天它成交了 1 亿股以上。所以我觉得，现实地说，相对于这只股票的流动性，180 万股的增发并不算大。市面上也有一些认股权证，有些机构交易者可以行权，但相对于成交量，这些也
394	相对微不足道。所以我以为这就是那一只了，我以为它会脱离，结果我们看到了那次大的被打回。然后它又上来，就在这里又被打回一次，就在这里又一次。所以现在这只股票——至少今天——这已经成了它的性格。所以我不该用那么大的仓位。但另一方面，我已经在场边坐了很长时间，一直很有耐心，然后终于觉得有了一个清晰的出手机会，我就出手了。而这并不是一个适合冒那种风险的市场。
431	这是我很难克制、很难管住自己的地方。我在其他节目里也讲过，我最大的难处在于：当市场冷下来时，把脚从油门上松开。所以虽然过去几天我一直松着油门，但当我看到这个机会时，我挥了一次大棒，结果是一次大三振，完全落空。所以现在大账户一个亏 4.4 万美元的红日，这当然让人泄气；小账户一个亏 3,000 美元的红日，嗯，也让人泄气。你知道，我的小账户最高到了大约 10 万美元，现在又回落到 8.8 万美元，比高点低了大约 12%。虽然
471	这还可以承受，但我真的很想重新开始朝正确的方向走。但我这么做的能力受限于市场上的机会，而机会不在我的掌控之中。要么我们会有很好的机会，要么没有。如果没有，我就很难弥补这些亏损，也很难产生有意义的利润。所以我必须继续对自己愿意做的交易有所选择，同时也要认识到，在我的尝试取得更多一点成功之前，我还必须压住仓位，这样才不会在这样一个环境里持续吐回利润——
510	在这个环境里，即使看起来不错的股票也表现得没那么好，因为整体情绪比几周前看空得多。所以我在自己的交易中注意到的一件事是：当市场热的时候，我加大仓位，做得格外好，有一段很棒的时期，赚很多；然后当市场冷下来时，如果我不降低仓位，我就开始亏很多，因为即使是一个 A 级形态，在一个非常看空的市场里，表现也永远比不上完全相同的形态在热市里的表现。这很令人困惑，因为五要素是一样的，而第六个——
548	不那么具体的要素，就是今天市场的情绪如何。这更难衡量，需要更多直觉。你可以根据最近涨幅较大的股票之类的东西来大致判断，但我还没能完全量化出衡量它的最佳方法。所以虽然今天确实有一只感觉很显眼的股票，但由于整体情绪很差，那个形态效果不太好，我大概亏得比必要的多了不少。第 44 天就这样结束了，但我会像往常一样回来做第 45 天。对于
586	想在我肩后观看的朋友，在冷市里学交易，是一个教授和学习纪律的好机会。现在是更需要耐心的时候。我没有过度交易，也没有陷入恶性循环，但我确实发现现在的胜率更低。我也认为在市场偏冷时练习非常合理，因为当市场再次热起来时，比起在热市才开始的人，你能更好地抓住机会。如果你在热市才开始，你就没法充分利用它，因为你还是新手。所以最好在冷市里学习，待在战壕里，尽可能多地掌握技能，这样当下一个热周期到来时，
624	你就处在更有利的位置去抓住机会。好，我也照例提醒大家，交易有风险，我的结果并不典型，无论你跟我学还是自学，都不保证你会成功。所以请管理好风险，在投入真金白银之前先在模拟盘里练习。好，我们第 45 天早上 7 点直播见。
