0	大家好。今天这期节目，我来拆解一下今天上午的交易。但在那之前，我们有一个重要话题要讨论。今天早上聊天室里一位会员说了一句话，我觉得很有意思。他叫 Martin，他说：“你知道吗，我觉得你们在冲进任何正在动的股票，不管它符不符合我们的选股五要素。”这个评论很好，也正是我接下来要分享的内容的灵感来源。
24	我们的选股五要素，历来帮我避免了不必要的亏损。它的起源是我在交易生涯早期发现，我在 20 美元以上的股票上做得不好。所以这成了我的第一条选股要素：不做 20 美元以上的股票。然后我意识到，不要做流通股超过 2,000 万股的股票，因为即使价格在 20 美元以下，比如福特之类的，但流通股巨大，它就交易得不好。所以不做 20 美元以上的股票，不做流通股超过 2,000 万股的股票。然后我进一步意识到，我通常在交易市场上的领涨股时做得最好，
63	这总意味着它至少涨了 10%。所以有最低涨幅要求，通常它涨得更多，我们现在的领涨股涨了 223%。第四，当我交易的股票今天成交量是 50 日均量 5 倍以上时，我做得最好。而这通常是因为第五条：它们有新鲜的新闻催化。这就是选股五要素。那么我们该如何理解本周早些时候像 RETO 这样的股票？这只股票流通股 3,400 万股，太高了，而且没有催化。所以它只满足选股五要素中的三条：
103	它的价格——流通股，抱歉——它的价格、涨幅和相对成交量是符合的。那么，一只没有新闻、流通股又太高的股票，值得交易吗？嗯，这只股票从这里的 4 美元涨到了 18 美元一股。你知道吗？你也可以说，看看 SpaceX，SpaceX 从下面这里的 140 美元左右涨到了 156 美元。我是说，这些都是机会，高价股上也会出现机会，但你能有优势吗？你能读懂逐笔成交吗？可预测的形态会以可预测的方式演变吗？就 RETO 而言，
142	它交易起来像一只小盘股。所以即使流通股看起来更高，作为中国股票，流通股数字总是有点可疑。无论如何，它交易得非常好。所以因为价格走势很干净，即使流通股高一点，我也愿意做它。在这个意义上，我可以无视流通股，因为价格走势告诉我它是可以交易的。有时你会遇到正好相反的股票：流通股非常低，但价格走势告诉你它不可交易、不干净。这种情况下你要解读的是价格走势，而不是列出来的流通股数字。所以今天又有一只股票冲了上来，就是 MEDS，
181	正是这只引出了那条评论。MEDS 冲上来时涨了大约 28%。从技术上说它涨了超过 10%，但它大概是我们的第六名领涨股。它真的涨得够多、够显眼吗？日线图呢？它已经走过一波，然后在回落。可惜它有这样的历史：走出大行情，然后把涨幅吐回去。所以在我们看它的那一刻，感觉这只股票并不是市场上最显眼的。然而交易者们在关注它，它也确实在这里从 4 美元拉升到了 7 美元一股。所以我要说的是：在热市里，我发现我可以对选股五要素
223	稍微宽容一点，因为动能太足了。当然，可能不是热市，只是热的一天。但在像 RETO 涨了 2,000% 的那种热的日子里，任何冒出来的中国股票大概都值得至少考虑一下，即使没有任何新闻催化——毕竟 RETO 也没有任何新闻催化。但你会发现，在五要素护栏之外稍微做一做，你会做得不错，直到市场冷下来。而如果你不能迅速把脚从油门上松开，你就会经历我经常经历的事：市场会迅速给你一个纠正，让你
261	回到正轨，这个纠正的形式就是一笔大亏，因为你在一只并不真正符合五要素的股票上太激进了。当你回头看这笔亏损时，你会想：我大概一开始就不该做那笔交易。所以五要素有时可以稍微灵活一点，但对新手来说，黑白分明比这种灰色地带要容易一些。我确实认为最好至少遵守五条中的四条，可以商量的第五条是突发新闻。尤其是今年，有很多股票在没有新闻的情况下走出了大行情。所以我认为出于这个原因，
301	只要满足其他四条要素，我做一只没有新闻的股票仍然是可以的。RETO 就比较棘手，因为它五条只满足三条，但显然走出了大行情。所以会有一些例外。GameStop 显然也走出了大行情：价格太高，流通股太高，但它有涨幅，有成交量，显然在动。至于新闻催化，嗯，它的催化就是轧空本身，所以确实有东西在那里。总之，一旦你有了利润垫，能承受那些高风险仓位带来的风险，你就可以更灵活一些。好，那么
340	今天早上，我们看看领跑扫描器的股票。GIPR 是我们现在的头号跳空股，此刻在 1.56 美元上涨停牌中，我对它没兴趣，有点太便宜了。IMCC，我今天早上一直在看它，涨了 145%，跌到 3 美元，现在又反弹上来。这些反弹难以置信，幅度巨大，而你永远不知道哪一只会反弹。所以要小心持有一只亏得越来越深的股票、指望它反弹，因为它可能不会。TNMG，这只从 3 美元冲到 7 美元，现在回到 4 美元。这只有突发新闻，我做它锁定了 17,119.38 美元。
379	看图，在 1 分钟图上倒回去。它先在这里从 3.50 美元拉升到 5.50 美元，大幅回调，然后就在这里恢复。我在它突破这个价位时进场，我们等到了这波一路到 7 美元的拉升。下探、冲高、下探、冲高。我在等它突破 7 美元，在试图抓那次突破的时机时吐回了一些利润，而那次突破最终没有发生。它开始回吐，这有点令人失望。
406	就在这里有一下子出现了反头肩形态。它会重新向上弯吗？不，并没有。它碰到 VWAP 的阻力，开始回吐。部分原因是 PAI 出现在了扫描上。这只股票昨天拉升过，一大波，然后在交易时段中途被停牌。那很吓人。如果你是空头，你不喜欢隔夜持有一只股票，你现在得付双倍的借券费，
430	你持有的两天都得付，第一天和第二天。如果你是多头，你被困在一只已经涨了 100% 甚至更多的股票里，你担心它是“待公布消息”停牌，而消息会是：股票上涨没有任何基本面原因，然后它复牌时会跌 50%。而这次，他们发布了一条新闻标题，复牌时它在这里从 3.50 美元拉升到 6 美元。我在它上面锁定了 8,993.14 美元的利润，让我 Roth IRA 当天的总额达到 2.6 万美元。
460	不错。现在这是一个头肩形态，正在跌回来，这不意外。我要告诉你们的是，PAI 现在其实正处于停牌中，而你看不到复牌价，因为它是一只在 NYSE American（AMEX）上市的股票，只有纳斯达克股票会显示复牌价。我看看另一只是什么，GIPR，我想那是一只纳斯达克股票，我们复核一下。GIPR，嗯，它现在没有停牌。不过我们看看它会不会停牌。GIPR 是纳斯达克上市股票，所以如果它停牌，你在停牌期间能看到报价。所以如果它会突然在 2 美元或 3 美元一股复牌，你在它复牌前就会知道。所以现在它即将在
500	1.71 美元上涨停牌，好吗？停牌时，这个数字会变，会往上走几美分。看，那里是一堆买盘，价格被钉在停牌价位上。现在复牌价是 1.87、1.80 美元，会稍微变动一下。但 PAI 你就是在盲飞，你完全不知道复牌价会是多少。这就是我不喜欢在开盘时段、它们会受停牌影响时交易纽交所和 AMEX 上市证券的原因之一，因为我会被困在停牌里，完全不知道它何时、以什么价格复牌。我不喜欢做它们的第二个原因是，交易所比纳斯达克更可能——可能得多——
541	对一只涨了 100% 或 200% 的证券暂停交易，要求公司回应股价为什么涨这么多。而当股票停牌时，显然会让它泄了气。这是一种有意思的手法，因为用意是防止投资者买入一只可能没有新闻就上涨的股票而受到伤害。嗯，那已经持有这只股票的所有投资者呢？嗯，只能算他们倒霉。所以为了防止其他人受伤，他们实际上可能伤害了那些已经在里面的人。这个概念有点好笑，但纽交所和 AMEX 这两家交易所经常这么做。所以我在开盘后交易那些大幅上涨的这类股票时非常谨慎，
582	因为这绝对不是我们第一次见到这种情况了。所以今天早上，SVRN 走高了一点，还有前几天的 BIAF、IMCC，有几只股票在动。再说一遍，这类反弹非常有意思，因为你就是——为什么是那只而不是 TNMG？我完全不知道。两只很相似，不知道，不清楚，就是没有规律可循。所以当某只股票开始动时，我会去买回调、顺着动能往上走。但显然，如果它只是横盘或下跌，那就没什么
621	可做的。所以如果你们想在周末深入学习一下，我会给你们一个链接，是我本周早些时候讲的完整一期：我是如何在 46 天里把 2,000 美元的账户做到 10 万美元以上的。其实从技术上说，我是在——我记不清是哪天了——大概第 40 天、也许第 41 天就做到了 10 万美元，然后同一天我又做了一笔交易，当天收盘时又跌到了 10 万美元以下。真郁闷。所以现在我突破了 10.5 万美元，那天我就停止交易了，我把它记了下来。
658	砰，突破 10.5 万美元，我觉得那很好。今天我其实遇到了一个热键问题：我在小账户里买了 TNMG 却没意识到，结果亏了一笔。所以现在小账户又回落了，这让人泄气，但也不是世界末日。我已经突破了 10.5 万美元，我们已经把利润捐给了慈善机构。至于突破 10 万美元之后要拿小账户怎么办，我还没……我大概只是想着再把它重置回 2,000 美元，因为我一直都是这么做的。你知道，如果你真的想聊
697	把 10 万美元做成更大的账户，我们可以直接回到今年年初。我今年开始时——我们往下拉——账户里有 9.6 万美元。我看看，今年这是起始余额，9.6 万美元，对吧？我现在账户里的余额是多少？截至八月底，我是 210 万美元左右。你可以看到它每个月都在增长，我一分钱都没取出来，它就一直在增长。所以我不认为把 10 万美元做成 200 万美元那么……我是说，我为此自豪，我觉得我做得很好，但我认为它没那么
736	有共鸣，因为你首先得有 10 万美元。所以把小账户从 10 万继续做到 20 万或 50 万美元，呃，我觉得那就等于回到用一个普通账户交易了。所以说实话，真正有意思的部分大概只有 2,000 美元到 2.5 万美元、也许 5 万美元这一段，因为一旦超过这些水平，你基本上就是……我做日内交易其实不需要账户里有 200 万美元，我用少得多得多的钱也能轻松做日内交易。
771	尤其如果我有一个四倍杠杆的保证金账户，大多数时候我用一个 5 万、6 万美元的账户交易就够了。我就是不需要额外的购买力。我把钱一直留在账户里的唯一原因，是为了让全年的盈亏曲线好看，一直往上涨、往上涨，然后在 1 月 1 日重置。就是这样。总之，小账户的计划是最终重置回 2,000 美元，我大概会再做一期节目，征求关于用哪家券商之类的建议，
809	但那大概还要过几天，也许下周吧。好，祝大家周末愉快。去看看那期完整节目，讲我每天遵循的、把 2,000 美元做到 10 万美元的三个步骤。我们周一一大早见。一如既往提醒大家，交易有风险，我的结果并不典型，无论你跟我学还是自学，都不保证你会成功。所以请管理好风险，慢慢来，我们周一见。
